C:\Program Files\Microsoft Visual Studio\2022\Community\MSBuild\Microsoft\VC\v170\Microsoft.CppBuild.targets(519,5): warning MSB8004: Intermediate Directory does not end with a trailing slash.  This build instance will add the slash as it is required to allow proper evaluation of the Intermediate Directory.
C:\Program Files\Microsoft Visual Studio\2022\Community\MSBuild\Microsoft\VC\v170\Microsoft.CppBuild.targets(520,5): warning MSB8004: Output Directory does not end with a trailing slash.  This build instance will add the slash as it is required to allow proper evaluation of the Output Directory.
  Application.cpp
C:\Users\User\Desktop\Projects\MultiStation\ImGui\Include\ImGui.hpp(2,9): warning C4005: 'IMGUI_IMPL_OPENGL_LOADER_CUSTOM': macro redefinition
  (compiling source file 'Source/App/Application.cpp')
      C:\Users\User\Desktop\Projects\MultiStation\ImGui\Include\ImGui.hpp(2,9):
      'IMGUI_IMPL_OPENGL_LOADER_CUSTOM' previously declared on the command line
  
C:\Users\User\Desktop\Projects\MultiStation\AppCore\Source\App\Application.cpp(54,27): warning C4305: 'argument': truncation from 'double' to 'GLclampf'
C:\Users\User\Desktop\Projects\MultiStation\AppCore\Source\App\Application.cpp(54,22): warning C4305: 'argument': truncation from 'double' to 'GLclampf'
C:\Users\User\Desktop\Projects\MultiStation\AppCore\Source\App\Application.cpp(54,17): warning C4305: 'argument': truncation from 'double' to 'GLclampf'
  Events.cpp
C:\Users\User\Desktop\Projects\MultiStation\ImGui\Include\ImGui.hpp(2,9): warning C4005: 'IMGUI_IMPL_OPENGL_LOADER_CUSTOM': macro redefinition
  (compiling source file 'Source/App/Events.cpp')
      C:\Users\User\Desktop\Projects\MultiStation\ImGui\Include\ImGui.hpp(2,9):
      'IMGUI_IMPL_OPENGL_LOADER_CUSTOM' previously declared on the command line
  
  ImGuiLayer.cpp
C:\Users\User\Desktop\Projects\MultiStation\ImGui\Include\ImGui.hpp(2,9): warning C4005: 'IMGUI_IMPL_OPENGL_LOADER_CUSTOM': macro redefinition
  (compiling source file 'Source/Layers/ImGuiLayer/ImGuiLayer.cpp')
      C:\Users\User\Desktop\Projects\MultiStation\ImGui\Include\ImGui.hpp(2,9):
      'IMGUI_IMPL_OPENGL_LOADER_CUSTOM' previously declared on the command line
  
  ImGuiLayerEvents.cpp
C:\Users\User\Desktop\Projects\MultiStation\ImGui\Include\ImGui.hpp(2,9): warning C4005: 'IMGUI_IMPL_OPENGL_LOADER_CUSTOM': macro redefinition
  (compiling source file 'Source/Layers/ImGuiLayer/ImGuiLayerEvents.cpp')
      C:\Users\User\Desktop\Projects\MultiStation\ImGui\Include\ImGui.hpp(2,9):
      'IMGUI_IMPL_OPENGL_LOADER_CUSTOM' previously declared on the command line
  
  Generating Code...
ECS.lib(BitMap.obj) : warning LNK4006: "public: __thiscall MultiStation::BitMap::BitMap(void)" (??0BitMap@MultiStation@@QAE@XZ) already defined in Utilities.lib(BitMap.obj); second definition ignored
ECS.lib(BitMap.obj) : warning LNK4006: "public: __thiscall MultiStation::BitMap::BitMap(class MultiStation::BitMap const &)" (??0BitMap@MultiStation@@QAE@ABV01@@Z) already defined in Utilities.lib(BitMap.obj); second definition ignored
ECS.lib(BitMap.obj) : warning LNK4006: "public: __thiscall MultiStation::BitMap::BitMap(class MultiStation::BitMap &&)" (??0BitMap@MultiStation@@QAE@$$QAV01@@Z) already defined in Utilities.lib(BitMap.obj); second definition ignored
ECS.lib(BitMap.obj) : warning LNK4006: "public: __thiscall MultiStation::BitMap::~BitMap(void)" (??1BitMap@MultiStation@@QAE@XZ) already defined in Utilities.lib(BitMap.obj); second definition ignored
ECS.lib(BitMap.obj) : warning LNK4006: "public: class MultiStation::BitMap & __thiscall MultiStation::BitMap::operator=(class MultiStation::BitMap const &)" (??4BitMap@MultiStation@@QAEAAV01@ABV01@@Z) already defined in Utilities.lib(BitMap.obj); second definition ignored
ECS.lib(BitMap.obj) : warning LNK4006: "public: class MultiStation::BitMap & __thiscall MultiStation::BitMap::operator=(class MultiStation::BitMap &&)" (??4BitMap@MultiStation@@QAEAAV01@$$QAV01@@Z) already defined in Utilities.lib(BitMap.obj); second definition ignored
ECS.lib(BitMap.obj) : warning LNK4006: "public: void __thiscall MultiStation::BitMap::SetDims(unsigned int,unsigned int)" (?SetDims@BitMap@MultiStation@@QAEXII@Z) already defined in Utilities.lib(BitMap.obj); second definition ignored
ECS.lib(BitMap.obj) : warning LNK4006: "public: void __thiscall MultiStation::BitMap::SetBit(unsigned int,unsigned int,bool)" (?SetBit@BitMap@MultiStation@@QAEXII_N@Z) already defined in Utilities.lib(BitMap.obj); second definition ignored
ECS.lib(BitMap.obj) : warning LNK4006: "public: void __thiscall MultiStation::BitMap::ResetBitMap(void)" (?ResetBitMap@BitMap@MultiStation@@QAEXXZ) already defined in Utilities.lib(BitMap.obj); second definition ignored
ECS.lib(BitMap.obj) : warning LNK4006: "public: bool __thiscall MultiStation::BitMap::GetBit(unsigned int,unsigned int)const " (?GetBit@BitMap@MultiStation@@QBE_NII@Z) already defined in Utilities.lib(BitMap.obj); second definition ignored
ECS.lib(BitMap.obj) : warning LNK4006: "public: unsigned int __thiscall MultiStation::BitMap::GetHeight(void)const " (?GetHeight@BitMap@MultiStation@@QBEIXZ) already defined in Utilities.lib(BitMap.obj); second definition ignored
ECS.lib(BitMap.obj) : warning LNK4006: "public: unsigned int __thiscall MultiStation::BitMap::GetWidth(void)const " (?GetWidth@BitMap@MultiStation@@QBEIXZ) already defined in Utilities.lib(BitMap.obj); second definition ignored
ECS.lib(BitMap.obj) : warning LNK4006: "public: unsigned int __thiscall MultiStation::BitMap::GetCapacity(void)const " (?GetCapacity@BitMap@MultiStation@@QBEIXZ) already defined in Utilities.lib(BitMap.obj); second definition ignored
ECS.lib(Time.obj) : warning LNK4006: "public: static float __cdecl MultiStation::Time::GetTimeInSeconds(void)" (?GetTimeInSeconds@Time@MultiStation@@SAMXZ) already defined in Platform.lib(Time.obj); second definition ignored
ECS.lib(Time.obj) : warning LNK4006: "public: static unsigned __int64 __cdecl MultiStation::Time::GetTimeInMilliseconds(void)" (?GetTimeInMilliseconds@Time@MultiStation@@SA_KXZ) already defined in Platform.lib(Time.obj); second definition ignored
ECS.lib(bmp.obj) : warning LNK4006: _default_color_table already defined in Platform.lib(bmp.obj); second definition ignored
ECS.lib(bmp.obj) : warning LNK4006: _bmp_load already defined in Platform.lib(bmp.obj); second definition ignored
ECS.lib(bmp.obj) : warning LNK4006: _bmp_store already defined in Platform.lib(bmp.obj); second definition ignored
ECS.lib(Debug.obj) : warning LNK4006: "void __cdecl MultiStation::LogInit(void)" (?LogInit@MultiStation@@YAXXZ) already defined in Platform.lib(Debug.obj); second definition ignored
ECS.lib(Debug.obj) : warning LNK4006: "void __cdecl MultiStation::LogShutdown(void)" (?LogShutdown@MultiStation@@YAXXZ) already defined in Platform.lib(Debug.obj); second definition ignored
ECS.lib(Debug.obj) : warning LNK4006: "void __cdecl MultiStation::EngineLogf(enum MultiStation::LogLevel,char const *,...)" (?EngineLogf@MultiStation@@YAXW4LogLevel@1@PBDZZ) already defined in Platform.lib(Debug.obj); second definition ignored
ECS.lib(Debug.obj) : warning LNK4006: "void __cdecl MultiStation::ClientLogf(enum MultiStation::LogLevel,char const *,...)" (?ClientLogf@MultiStation@@YAXW4LogLevel@1@PBDZZ) already defined in Platform.lib(Debug.obj); second definition ignored
Media.lib(Time.obj) : warning LNK4006: "public: static float __cdecl MultiStation::Time::GetTimeInSeconds(void)" (?GetTimeInSeconds@Time@MultiStation@@SAMXZ) already defined in Platform.lib(Time.obj); second definition ignored
Media.lib(Time.obj) : warning LNK4006: "public: static unsigned __int64 __cdecl MultiStation::Time::GetTimeInMilliseconds(void)" (?GetTimeInMilliseconds@Time@MultiStation@@SA_KXZ) already defined in Platform.lib(Time.obj); second definition ignored
Media.lib(bmp.obj) : warning LNK4006: _default_color_table already defined in Platform.lib(bmp.obj); second definition ignored
Media.lib(bmp.obj) : warning LNK4006: _bmp_load already defined in Platform.lib(bmp.obj); second definition ignored
Media.lib(bmp.obj) : warning LNK4006: _bmp_store already defined in Platform.lib(bmp.obj); second definition ignored
Media.lib(Debug.obj) : warning LNK4006: "void __cdecl MultiStation::LogInit(void)" (?LogInit@MultiStation@@YAXXZ) already defined in Platform.lib(Debug.obj); second definition ignored
Media.lib(Debug.obj) : warning LNK4006: "void __cdecl MultiStation::LogShutdown(void)" (?LogShutdown@MultiStation@@YAXXZ) already defined in Platform.lib(Debug.obj); second definition ignored
Media.lib(Debug.obj) : warning LNK4006: "void __cdecl MultiStation::EngineLogf(enum MultiStation::LogLevel,char const *,...)" (?EngineLogf@MultiStation@@YAXW4LogLevel@1@PBDZZ) already defined in Platform.lib(Debug.obj); second definition ignored
Media.lib(Debug.obj) : warning LNK4006: "void __cdecl MultiStation::ClientLogf(enum MultiStation::LogLevel,char const *,...)" (?ClientLogf@MultiStation@@YAXW4LogLevel@1@PBDZZ) already defined in Platform.lib(Debug.obj); second definition ignored
ImGui.lib(imgui_impl_glfw.obj) : warning LNK4006: "bool __cdecl ImGui_ImplGlfw_InitForOpenGL(struct GLFWwindow *,bool)" (?ImGui_ImplGlfw_InitForOpenGL@@YA_NPAUGLFWwindow@@_N@Z) already defined in Media.lib(imgui_impl_glfw.obj); second definition ignored
ImGui.lib(imgui_impl_glfw.obj) : warning LNK4006: "bool __cdecl ImGui_ImplGlfw_InitForVulkan(struct GLFWwindow *,bool)" (?ImGui_ImplGlfw_InitForVulkan@@YA_NPAUGLFWwindow@@_N@Z) already defined in Media.lib(imgui_impl_glfw.obj); second definition ignored
ImGui.lib(imgui_impl_glfw.obj) : warning LNK4006: "bool __cdecl ImGui_ImplGlfw_InitForOther(struct GLFWwindow *,bool)" (?ImGui_ImplGlfw_InitForOther@@YA_NPAUGLFWwindow@@_N@Z) already defined in Media.lib(imgui_impl_glfw.obj); second definition ignored
ImGui.lib(imgui_impl_glfw.obj) : warning LNK4006: "void __cdecl ImGui_ImplGlfw_Shutdown(void)" (?ImGui_ImplGlfw_Shutdown@@YAXXZ) already defined in Media.lib(imgui_impl_glfw.obj); second definition ignored
ImGui.lib(imgui_impl_glfw.obj) : warning LNK4006: "void __cdecl ImGui_ImplGlfw_NewFrame(void)" (?ImGui_ImplGlfw_NewFrame@@YAXXZ) already defined in Media.lib(imgui_impl_glfw.obj); second definition ignored
ImGui.lib(imgui_impl_glfw.obj) : warning LNK4006: "void __cdecl ImGui_ImplGlfw_InstallCallbacks(struct GLFWwindow *)" (?ImGui_ImplGlfw_InstallCallbacks@@YAXPAUGLFWwindow@@@Z) already defined in Media.lib(imgui_impl_glfw.obj); second definition ignored
ImGui.lib(imgui_impl_glfw.obj) : warning LNK4006: "void __cdecl ImGui_ImplGlfw_RestoreCallbacks(struct GLFWwindow *)" (?ImGui_ImplGlfw_RestoreCallbacks@@YAXPAUGLFWwindow@@@Z) already defined in Media.lib(imgui_impl_glfw.obj); second definition ignored
ImGui.lib(imgui_impl_glfw.obj) : warning LNK4006: "void __cdecl ImGui_ImplGlfw_SetCallbacksChainForAllWindows(bool)" (?ImGui_ImplGlfw_SetCallbacksChainForAllWindows@@YAX_N@Z) already defined in Media.lib(imgui_impl_glfw.obj); second definition ignored
ImGui.lib(imgui_impl_glfw.obj) : warning LNK4006: "void __cdecl ImGui_ImplGlfw_WindowFocusCallback(struct GLFWwindow *,int)" (?ImGui_ImplGlfw_WindowFocusCallback@@YAXPAUGLFWwindow@@H@Z) already defined in Media.lib(imgui_impl_glfw.obj); second definition ignored
ImGui.lib(imgui_impl_glfw.obj) : warning LNK4006: "void __cdecl ImGui_ImplGlfw_CursorEnterCallback(struct GLFWwindow *,int)" (?ImGui_ImplGlfw_CursorEnterCallback@@YAXPAUGLFWwindow@@H@Z) already defined in Media.lib(imgui_impl_glfw.obj); second definition ignored
ImGui.lib(imgui_impl_glfw.obj) : warning LNK4006: "void __cdecl ImGui_ImplGlfw_CursorPosCallback(struct GLFWwindow *,double,double)" (?ImGui_ImplGlfw_CursorPosCallback@@YAXPAUGLFWwindow@@NN@Z) already defined in Media.lib(imgui_impl_glfw.obj); second definition ignored
ImGui.lib(imgui_impl_glfw.obj) : warning LNK4006: "void __cdecl ImGui_ImplGlfw_MouseButtonCallback(struct GLFWwindow *,int,int,int)" (?ImGui_ImplGlfw_MouseButtonCallback@@YAXPAUGLFWwindow@@HHH@Z) already defined in Media.lib(imgui_impl_glfw.obj); second definition ignored
ImGui.lib(imgui_impl_glfw.obj) : warning LNK4006: "void __cdecl ImGui_ImplGlfw_ScrollCallback(struct GLFWwindow *,double,double)" (?ImGui_ImplGlfw_ScrollCallback@@YAXPAUGLFWwindow@@NN@Z) already defined in Media.lib(imgui_impl_glfw.obj); second definition ignored
ImGui.lib(imgui_impl_glfw.obj) : warning LNK4006: "void __cdecl ImGui_ImplGlfw_KeyCallback(struct GLFWwindow *,int,int,int,int)" (?ImGui_ImplGlfw_KeyCallback@@YAXPAUGLFWwindow@@HHHH@Z) already defined in Media.lib(imgui_impl_glfw.obj); second definition ignored
ImGui.lib(imgui_impl_glfw.obj) : warning LNK4006: "void __cdecl ImGui_ImplGlfw_CharCallback(struct GLFWwindow *,unsigned int)" (?ImGui_ImplGlfw_CharCallback@@YAXPAUGLFWwindow@@I@Z) already defined in Media.lib(imgui_impl_glfw.obj); second definition ignored
ImGui.lib(imgui_impl_glfw.obj) : warning LNK4006: "void __cdecl ImGui_ImplGlfw_MonitorCallback(struct GLFWmonitor *,int)" (?ImGui_ImplGlfw_MonitorCallback@@YAXPAUGLFWmonitor@@H@Z) already defined in Media.lib(imgui_impl_glfw.obj); second definition ignored
ImGui.lib(imgui_impl_glfw.obj) : warning LNK4006: "void __cdecl ImGui_ImplGlfw_Sleep(int)" (?ImGui_ImplGlfw_Sleep@@YAXH@Z) already defined in Media.lib(imgui_impl_glfw.obj); second definition ignored
ImGui.lib(imgui_impl_glfw.obj) : warning LNK4006: "float __cdecl ImGui_ImplGlfw_GetContentScaleForWindow(struct GLFWwindow *)" (?ImGui_ImplGlfw_GetContentScaleForWindow@@YAMPAUGLFWwindow@@@Z) already defined in Media.lib(imgui_impl_glfw.obj); second definition ignored
ImGui.lib(imgui_impl_glfw.obj) : warning LNK4006: "float __cdecl ImGui_ImplGlfw_GetContentScaleForMonitor(struct GLFWmonitor *)" (?ImGui_ImplGlfw_GetContentScaleForMonitor@@YAMPAUGLFWmonitor@@@Z) already defined in Media.lib(imgui_impl_glfw.obj); second definition ignored
ImGui.lib(imgui_impl_glfw.obj) : warning LNK4006: "enum ImGuiKey __cdecl ImGui_ImplGlfw_KeyToImGuiKey(int,int)" (?ImGui_ImplGlfw_KeyToImGuiKey@@YA?AW4ImGuiKey@@HH@Z) already defined in Media.lib(imgui_impl_glfw.obj); second definition ignored
ImGui.lib(imgui.obj) : warning LNK4006: "public: static char * ImGuiTextBuffer::EmptyString" (?EmptyString@ImGuiTextBuffer@@2PADA) already defined in Media.lib(imgui.obj); second definition ignored
ImGui.lib(imgui.obj) : warning LNK4006: "struct ImGuiContext * GImGui" (?GImGui@@3PAUImGuiContext@@A) already defined in Media.lib(imgui.obj); second definition ignored
ImGui.lib(imgui.obj) : warning LNK4006: "struct ImGuiContext * __cdecl ImGui::CreateContext(struct ImFontAtlas *)" (?CreateContext@ImGui@@YAPAUImGuiContext@@PAUImFontAtlas@@@Z) already defined in Media.lib(imgui.obj); second definition ignored
ImGui.lib(imgui.obj) : warning LNK4006: "void __cdecl ImGui::DestroyContext(struct ImGuiContext *)" (?DestroyContext@ImGui@@YAXPAUImGuiContext@@@Z) already defined in Media.lib(imgui.obj); second definition ignored
ImGui.lib(imgui.obj) : warning LNK4006: "struct ImGuiContext * __cdecl ImGui::GetCurrentContext(void)" (?GetCurrentContext@ImGui@@YAPAUImGuiContext@@XZ) already defined in Media.lib(imgui.obj); second definition ignored
ImGui.lib(imgui.obj) : warning LNK4006: "void __cdecl ImGui::SetCurrentContext(struct ImGuiContext *)" (?SetCurrentContext@ImGui@@YAXPAUImGuiContext@@@Z) already defined in Media.lib(imgui.obj); second definition ignored
ImGui.lib(imgui.obj) : warning LNK4006: "struct ImGuiIO & __cdecl ImGui::GetIO(void)" (?GetIO@ImGui@@YAAAUImGuiIO@@XZ) already defined in Media.lib(imgui.obj); second definition ignored
ImGui.lib(imgui.obj) : warning LNK4006: "struct ImGuiPlatformIO & __cdecl ImGui::GetPlatformIO(void)" (?GetPlatformIO@ImGui@@YAAAUImGuiPlatformIO@@XZ) already defined in Media.lib(imgui.obj); second definition ignored
ImGui.lib(imgui.obj) : warning LNK4006: "struct ImGuiStyle & __cdecl ImGui::GetStyle(void)" (?GetStyle@ImGui@@YAAAUImGuiStyle@@XZ) already defined in Media.lib(imgui.obj); second definition ignored
ImGui.lib(imgui.obj) : warning LNK4006: "void __cdecl ImGui::NewFrame(void)" (?NewFrame@ImGui@@YAXXZ) already defined in Media.lib(imgui.obj); second definition ignored
ImGui.lib(imgui.obj) : warning LNK4006: "void __cdecl ImGui::EndFrame(void)" (?EndFrame@ImGui@@YAXXZ) already defined in Media.lib(imgui.obj); second definition ignored
ImGui.lib(imgui.obj) : warning LNK4006: "void __cdecl ImGui::Render(void)" (?Render@ImGui@@YAXXZ) already defined in Media.lib(imgui.obj); second definition ignored
ImGui.lib(imgui.obj) : warning LNK4006: "struct ImDrawData * __cdecl ImGui::GetDrawData(void)" (?GetDrawData@ImGui@@YAPAUImDrawData@@XZ) already defined in Media.lib(imgui.obj); second definition ignored
ImGui.lib(imgui.obj) : warning LNK4006: "void __cdecl ImGui::ShowMetricsWindow(bool *)" (?ShowMetricsWindow@ImGui@@YAXPA_N@Z) already defined in Media.lib(imgui.obj); second definition ignored
ImGui.lib(imgui.obj) : warning LNK4006: "void __cdecl ImGui::ShowDebugLogWindow(bool *)" (?ShowDebugLogWindow@ImGui@@YAXPA_N@Z) already defined in Media.lib(imgui.obj); second definition ignored
ImGui.lib(imgui.obj) : warning LNK4006: "void __cdecl ImGui::ShowIDStackToolWindow(bool *)" (?ShowIDStackToolWindow@ImGui@@YAXPA_N@Z) already defined in Media.lib(imgui.obj); second definition ignored
ImGui.lib(imgui.obj) : warning LNK4006: "void __cdecl ImGui::ShowFontSelector(char const *)" (?ShowFontSelector@ImGui@@YAXPBD@Z) already defined in Media.lib(imgui.obj); second definition ignored
ImGui.lib(imgui.obj) : warning LNK4006: "char const * __cdecl ImGui::GetVersion(void)" (?GetVersion@ImGui@@YAPBDXZ) already defined in Media.lib(imgui.obj); second definition ignored
ImGui.lib(imgui.obj) : warning LNK4006: "bool __cdecl ImGui::Begin(char const *,bool *,int)" (?Begin@ImGui@@YA_NPBDPA_NH@Z) already defined in Media.lib(imgui.obj); second definition ignored
ImGui.lib(imgui.obj) : warning LNK4006: "void __cdecl ImGui::End(void)" (?End@ImGui@@YAXXZ) already defined in Media.lib(imgui.obj); second definition ignored
ImGui.lib(imgui.obj) : warning LNK4006: "bool __cdecl ImGui::BeginChild(char const *,struct ImVec2 const &,int,int)" (?BeginChild@ImGui@@YA_NPBDABUImVec2@@HH@Z) already defined in Media.lib(imgui.obj); second definition ignored
ImGui.lib(imgui.obj) : warning LNK4006: "bool __cdecl ImGui::BeginChild(unsigned int,struct ImVec2 const &,int,int)" (?BeginChild@ImGui@@YA_NIABUImVec2@@HH@Z) already defined in Media.lib(imgui.obj); second definition ignored
ImGui.lib(imgui.obj) : warning LNK4006: "void __cdecl ImGui::EndChild(void)" (?EndChild@ImGui@@YAXXZ) already defined in Media.lib(imgui.obj); second definition ignored
ImGui.lib(imgui.obj) : warning LNK4006: "bool __cdecl ImGui::IsWindowAppearing(void)" (?IsWindowAppearing@ImGui@@YA_NXZ) already defined in Media.lib(imgui.obj); second definition ignored
ImGui.lib(imgui.obj) : warning LNK4006: "bool __cdecl ImGui::IsWindowCollapsed(void)" (?IsWindowCollapsed@ImGui@@YA_NXZ) already defined in Media.lib(imgui.obj); second definition ignored
ImGui.lib(imgui.obj) : warning LNK4006: "bool __cdecl ImGui::IsWindowFocused(int)" (?IsWindowFocused@ImGui@@YA_NH@Z) already defined in Media.lib(imgui.obj); second definition ignored
ImGui.lib(imgui.obj) : warning LNK4006: "bool __cdecl ImGui::IsWindowHovered(int)" (?IsWindowHovered@ImGui@@YA_NH@Z) already defined in Media.lib(imgui.obj); second definition ignored
ImGui.lib(imgui.obj) : warning LNK4006: "struct ImDrawList * __cdecl ImGui::GetWindowDrawList(void)" (?GetWindowDrawList@ImGui@@YAPAUImDrawList@@XZ) already defined in Media.lib(imgui.obj); second definition ignored
ImGui.lib(imgui.obj) : warning LNK4006: "float __cdecl ImGui::GetWindowDpiScale(void)" (?GetWindowDpiScale@ImGui@@YAMXZ) already defined in Media.lib(imgui.obj); second definition ignored
ImGui.lib(imgui.obj) : warning LNK4006: "struct ImVec2 __cdecl ImGui::GetWindowPos(void)" (?GetWindowPos@ImGui@@YA?AUImVec2@@XZ) already defined in Media.lib(imgui.obj); second definition ignored
ImGui.lib(imgui.obj) : warning LNK4006: "struct ImVec2 __cdecl ImGui::GetWindowSize(void)" (?GetWindowSize@ImGui@@YA?AUImVec2@@XZ) already defined in Media.lib(imgui.obj); second definition ignored
ImGui.lib(imgui.obj) : warning LNK4006: "float __cdecl ImGui::GetWindowWidth(void)" (?GetWindowWidth@ImGui@@YAMXZ) already defined in Media.lib(imgui.obj); second definition ignored
ImGui.lib(imgui.obj) : warning LNK4006: "float __cdecl ImGui::GetWindowHeight(void)" (?GetWindowHeight@ImGui@@YAMXZ) already defined in Media.lib(imgui.obj); second definition ignored
ImGui.lib(imgui.obj) : warning LNK4006: "struct ImGuiViewport * __cdecl ImGui::GetWindowViewport(void)" (?GetWindowViewport@ImGui@@YAPAUImGuiViewport@@XZ) already defined in Media.lib(imgui.obj); second definition ignored
ImGui.lib(imgui.obj) : warning LNK4006: "void __cdecl ImGui::SetNextWindowPos(struct ImVec2 const &,int,struct ImVec2 const &)" (?SetNextWindowPos@ImGui@@YAXABUImVec2@@H0@Z) already defined in Media.lib(imgui.obj); second definition ignored
ImGui.lib(imgui.obj) : warning LNK4006: "void __cdecl ImGui::SetNextWindowSize(struct ImVec2 const &,int)" (?SetNextWindowSize@ImGui@@YAXABUImVec2@@H@Z) already defined in Media.lib(imgui.obj); second definition ignored
ImGui.lib(imgui.obj) : warning LNK4006: "void __cdecl ImGui::SetNextWindowSizeConstraints(struct ImVec2 const &,struct ImVec2 const &,void (__cdecl*)(struct ImGuiSizeCallbackData *),void *)" (?SetNextWindowSizeConstraints@ImGui@@YAXABUImVec2@@0P6AXPAUImGuiSizeCallbackData@@@ZPAX@Z) already defined in Media.lib(imgui.obj); second definition ignored
ImGui.lib(imgui.obj) : warning LNK4006: "void __cdecl ImGui::SetNextWindowContentSize(struct ImVec2 const &)" (?SetNextWindowContentSize@ImGui@@YAXABUImVec2@@@Z) already defined in Media.lib(imgui.obj); second definition ignored
ImGui.lib(imgui.obj) : warning LNK4006: "void __cdecl ImGui::SetNextWindowCollapsed(bool,int)" (?SetNextWindowCollapsed@ImGui@@YAX_NH@Z) already defined in Media.lib(imgui.obj); second definition ignored
ImGui.lib(imgui.obj) : warning LNK4006: "void __cdecl ImGui::SetNextWindowFocus(void)" (?SetNextWindowFocus@ImGui@@YAXXZ) already defined in Media.lib(imgui.obj); second definition ignored
ImGui.lib(imgui.obj) : warning LNK4006: "void __cdecl ImGui::SetNextWindowScroll(struct ImVec2 const &)" (?SetNextWindowScroll@ImGui@@YAXABUImVec2@@@Z) already defined in Media.lib(imgui.obj); second definition ignored
ImGui.lib(imgui.obj) : warning LNK4006: "void __cdecl ImGui::SetNextWindowBgAlpha(float)" (?SetNextWindowBgAlpha@ImGui@@YAXM@Z) already defined in Media.lib(imgui.obj); second definition ignored
ImGui.lib(imgui.obj) : warning LNK4006: "void __cdecl ImGui::SetNextWindowViewport(unsigned int)" (?SetNextWindowViewport@ImGui@@YAXI@Z) already defined in Media.lib(imgui.obj); second definition ignored
ImGui.lib(imgui.obj) : warning LNK4006: "void __cdecl ImGui::SetWindowPos(struct ImVec2 const &,int)" (?SetWindowPos@ImGui@@YAXABUImVec2@@H@Z) already defined in Media.lib(imgui.obj); second definition ignored
ImGui.lib(imgui.obj) : warning LNK4006: "void __cdecl ImGui::SetWindowSize(struct ImVec2 const &,int)" (?SetWindowSize@ImGui@@YAXABUImVec2@@H@Z) already defined in Media.lib(imgui.obj); second definition ignored
ImGui.lib(imgui.obj) : warning LNK4006: "void __cdecl ImGui::SetWindowCollapsed(bool,int)" (?SetWindowCollapsed@ImGui@@YAX_NH@Z) already defined in Media.lib(imgui.obj); second definition ignored
ImGui.lib(imgui.obj) : warning LNK4006: "void __cdecl ImGui::SetWindowFocus(void)" (?SetWindowFocus@ImGui@@YAXXZ) already defined in Media.lib(imgui.obj); second definition ignored
ImGui.lib(imgui.obj) : warning LNK4006: "void __cdecl ImGui::SetWindowPos(char const *,struct ImVec2 const &,int)" (?SetWindowPos@ImGui@@YAXPBDABUImVec2@@H@Z) already defined in Media.lib(imgui.obj); second definition ignored
ImGui.lib(imgui.obj) : warning LNK4006: "void __cdecl ImGui::SetWindowSize(char const *,struct ImVec2 const &,int)" (?SetWindowSize@ImGui@@YAXPBDABUImVec2@@H@Z) already defined in Media.lib(imgui.obj); second definition ignored
ImGui.lib(imgui.obj) : warning LNK4006: "void __cdecl ImGui::SetWindowCollapsed(char const *,bool,int)" (?SetWindowCollapsed@ImGui@@YAXPBD_NH@Z) already defined in Media.lib(imgui.obj); second definition ignored
ImGui.lib(imgui.obj) : warning LNK4006: "void __cdecl ImGui::SetWindowFocus(char const *)" (?SetWindowFocus@ImGui@@YAXPBD@Z) already defined in Media.lib(imgui.obj); second definition ignored
ImGui.lib(imgui.obj) : warning LNK4006: "float __cdecl ImGui::GetScrollX(void)" (?GetScrollX@ImGui@@YAMXZ) already defined in Media.lib(imgui.obj); second definition ignored
ImGui.lib(imgui.obj) : warning LNK4006: "float __cdecl ImGui::GetScrollY(void)" (?GetScrollY@ImGui@@YAMXZ) already defined in Media.lib(imgui.obj); second definition ignored
ImGui.lib(imgui.obj) : warning LNK4006: "void __cdecl ImGui::SetScrollX(float)" (?SetScrollX@ImGui@@YAXM@Z) already defined in Media.lib(imgui.obj); second definition ignored
ImGui.lib(imgui.obj) : warning LNK4006: "void __cdecl ImGui::SetScrollY(float)" (?SetScrollY@ImGui@@YAXM@Z) already defined in Media.lib(imgui.obj); second definition ignored
ImGui.lib(imgui.obj) : warning LNK4006: "float __cdecl ImGui::GetScrollMaxX(void)" (?GetScrollMaxX@ImGui@@YAMXZ) already defined in Media.lib(imgui.obj); second definition ignored
ImGui.lib(imgui.obj) : warning LNK4006: "float __cdecl ImGui::GetScrollMaxY(void)" (?GetScrollMaxY@ImGui@@YAMXZ) already defined in Media.lib(imgui.obj); second definition ignored
ImGui.lib(imgui.obj) : warning LNK4006: "void __cdecl ImGui::SetScrollHereX(float)" (?SetScrollHereX@ImGui@@YAXM@Z) already defined in Media.lib(imgui.obj); second definition ignored
ImGui.lib(imgui.obj) : warning LNK4006: "void __cdecl ImGui::SetScrollHereY(float)" (?SetScrollHereY@ImGui@@YAXM@Z) already defined in Media.lib(imgui.obj); second definition ignored
ImGui.lib(imgui.obj) : warning LNK4006: "void __cdecl ImGui::SetScrollFromPosX(float,float)" (?SetScrollFromPosX@ImGui@@YAXMM@Z) already defined in Media.lib(imgui.obj); second definition ignored
ImGui.lib(imgui.obj) : warning LNK4006: "void __cdecl ImGui::SetScrollFromPosY(float,float)" (?SetScrollFromPosY@ImGui@@YAXMM@Z) already defined in Media.lib(imgui.obj); second definition ignored
ImGui.lib(imgui.obj) : warning LNK4006: "void __cdecl ImGui::PushFont(struct ImFont *,float)" (?PushFont@ImGui@@YAXPAUImFont@@M@Z) already defined in Media.lib(imgui.obj); second definition ignored
ImGui.lib(imgui.obj) : warning LNK4006: "void __cdecl ImGui::PopFont(void)" (?PopFont@ImGui@@YAXXZ) already defined in Media.lib(imgui.obj); second definition ignored
ImGui.lib(imgui.obj) : warning LNK4006: "struct ImFont * __cdecl ImGui::GetFont(void)" (?GetFont@ImGui@@YAPAUImFont@@XZ) already defined in Media.lib(imgui.obj); second definition ignored
ImGui.lib(imgui.obj) : warning LNK4006: "float __cdecl ImGui::GetFontSize(void)" (?GetFontSize@ImGui@@YAMXZ) already defined in Media.lib(imgui.obj); second definition ignored
ImGui.lib(imgui.obj) : warning LNK4006: "struct ImFontBaked * __cdecl ImGui::GetFontBaked(void)" (?GetFontBaked@ImGui@@YAPAUImFontBaked@@XZ) already defined in Media.lib(imgui.obj); second definition ignored
ImGui.lib(imgui.obj) : warning LNK4006: "void __cdecl ImGui::PushStyleColor(int,unsigned int)" (?PushStyleColor@ImGui@@YAXHI@Z) already defined in Media.lib(imgui.obj); second definition ignored
ImGui.lib(imgui.obj) : warning LNK4006: "void __cdecl ImGui::PushStyleColor(int,struct ImVec4 const &)" (?PushStyleColor@ImGui@@YAXHABUImVec4@@@Z) already defined in Media.lib(imgui.obj); second definition ignored
ImGui.lib(imgui.obj) : warning LNK4006: "void __cdecl ImGui::PopStyleColor(int)" (?PopStyleColor@ImGui@@YAXH@Z) already defined in Media.lib(imgui.obj); second definition ignored
ImGui.lib(imgui.obj) : warning LNK4006: "void __cdecl ImGui::PushStyleVar(int,float)" (?PushStyleVar@ImGui@@YAXHM@Z) already defined in Media.lib(imgui.obj); second definition ignored
ImGui.lib(imgui.obj) : warning LNK4006: "void __cdecl ImGui::PushStyleVar(int,struct ImVec2 const &)" (?PushStyleVar@ImGui@@YAXHABUImVec2@@@Z) already defined in Media.lib(imgui.obj); second definition ignored
ImGui.lib(imgui.obj) : warning LNK4006: "void __cdecl ImGui::PushStyleVarX(int,float)" (?PushStyleVarX@ImGui@@YAXHM@Z) already defined in Media.lib(imgui.obj); second definition ignored
ImGui.lib(imgui.obj) : warning LNK4006: "void __cdecl ImGui::PushStyleVarY(int,float)" (?PushStyleVarY@ImGui@@YAXHM@Z) already defined in Media.lib(imgui.obj); second definition ignored
ImGui.lib(imgui.obj) : warning LNK4006: "void __cdecl ImGui::PopStyleVar(int)" (?PopStyleVar@ImGui@@YAXH@Z) already defined in Media.lib(imgui.obj); second definition ignored
ImGui.lib(imgui.obj) : warning LNK4006: "void __cdecl ImGui::PushItemFlag(int,bool)" (?PushItemFlag@ImGui@@YAXH_N@Z) already defined in Media.lib(imgui.obj); second definition ignored
ImGui.lib(imgui.obj) : warning LNK4006: "void __cdecl ImGui::PopItemFlag(void)" (?PopItemFlag@ImGui@@YAXXZ) already defined in Media.lib(imgui.obj); second definition ignored
ImGui.lib(imgui.obj) : warning LNK4006: "void __cdecl ImGui::PushItemWidth(float)" (?PushItemWidth@ImGui@@YAXM@Z) already defined in Media.lib(imgui.obj); second definition ignored
ImGui.lib(imgui.obj) : warning LNK4006: "void __cdecl ImGui::PopItemWidth(void)" (?PopItemWidth@ImGui@@YAXXZ) already defined in Media.lib(imgui.obj); second definition ignored
ImGui.lib(imgui.obj) : warning LNK4006: "void __cdecl ImGui::SetNextItemWidth(float)" (?SetNextItemWidth@ImGui@@YAXM@Z) already defined in Media.lib(imgui.obj); second definition ignored
ImGui.lib(imgui.obj) : warning LNK4006: "float __cdecl ImGui::CalcItemWidth(void)" (?CalcItemWidth@ImGui@@YAMXZ) already defined in Media.lib(imgui.obj); second definition ignored
ImGui.lib(imgui.obj) : warning LNK4006: "void __cdecl ImGui::PushTextWrapPos(float)" (?PushTextWrapPos@ImGui@@YAXM@Z) already defined in Media.lib(imgui.obj); second definition ignored
ImGui.lib(imgui.obj) : warning LNK4006: "void __cdecl ImGui::PopTextWrapPos(void)" (?PopTextWrapPos@ImGui@@YAXXZ) already defined in Media.lib(imgui.obj); second definition ignored
ImGui.lib(imgui.obj) : warning LNK4006: "struct ImVec2 __cdecl ImGui::GetFontTexUvWhitePixel(void)" (?GetFontTexUvWhitePixel@ImGui@@YA?AUImVec2@@XZ) already defined in Media.lib(imgui.obj); second definition ignored
ImGui.lib(imgui.obj) : warning LNK4006: "unsigned int __cdecl ImGui::GetColorU32(int,float)" (?GetColorU32@ImGui@@YAIHM@Z) already defined in Media.lib(imgui.obj); second definition ignored
ImGui.lib(imgui.obj) : warning LNK4006: "unsigned int __cdecl ImGui::GetColorU32(struct ImVec4 const &)" (?GetColorU32@ImGui@@YAIABUImVec4@@@Z) already defined in Media.lib(imgui.obj); second definition ignored
ImGui.lib(imgui.obj) : warning LNK4006: "unsigned int __cdecl ImGui::GetColorU32(unsigned int,float)" (?GetColorU32@ImGui@@YAIIM@Z) already defined in Media.lib(imgui.obj); second definition ignored
ImGui.lib(imgui.obj) : warning LNK4006: "struct ImVec4 const & __cdecl ImGui::GetStyleColorVec4(int)" (?GetStyleColorVec4@ImGui@@YAABUImVec4@@H@Z) already defined in Media.lib(imgui.obj); second definition ignored
ImGui.lib(imgui.obj) : warning LNK4006: "struct ImVec2 __cdecl ImGui::GetCursorScreenPos(void)" (?GetCursorScreenPos@ImGui@@YA?AUImVec2@@XZ) already defined in Media.lib(imgui.obj); second definition ignored
ImGui.lib(imgui.obj) : warning LNK4006: "void __cdecl ImGui::SetCursorScreenPos(struct ImVec2 const &)" (?SetCursorScreenPos@ImGui@@YAXABUImVec2@@@Z) already defined in Media.lib(imgui.obj); second definition ignored
ImGui.lib(imgui.obj) : warning LNK4006: "struct ImVec2 __cdecl ImGui::GetContentRegionAvail(void)" (?GetContentRegionAvail@ImGui@@YA?AUImVec2@@XZ) already defined in Media.lib(imgui.obj); second definition ignored
ImGui.lib(imgui.obj) : warning LNK4006: "struct ImVec2 __cdecl ImGui::GetCursorPos(void)" (?GetCursorPos@ImGui@@YA?AUImVec2@@XZ) already defined in Media.lib(imgui.obj); second definition ignored
ImGui.lib(imgui.obj) : warning LNK4006: "float __cdecl ImGui::GetCursorPosX(void)" (?GetCursorPosX@ImGui@@YAMXZ) already defined in Media.lib(imgui.obj); second definition ignored
ImGui.lib(imgui.obj) : warning LNK4006: "float __cdecl ImGui::GetCursorPosY(void)" (?GetCursorPosY@ImGui@@YAMXZ) already defined in Media.lib(imgui.obj); second definition ignored
ImGui.lib(imgui.obj) : warning LNK4006: "void __cdecl ImGui::SetCursorPos(struct ImVec2 const &)" (?SetCursorPos@ImGui@@YAXABUImVec2@@@Z) already defined in Media.lib(imgui.obj); second definition ignored
ImGui.lib(imgui.obj) : warning LNK4006: "void __cdecl ImGui::SetCursorPosX(float)" (?SetCursorPosX@ImGui@@YAXM@Z) already defined in Media.lib(imgui.obj); second definition ignored
ImGui.lib(imgui.obj) : warning LNK4006: "void __cdecl ImGui::SetCursorPosY(float)" (?SetCursorPosY@ImGui@@YAXM@Z) already defined in Media.lib(imgui.obj); second definition ignored
ImGui.lib(imgui.obj) : warning LNK4006: "struct ImVec2 __cdecl ImGui::GetCursorStartPos(void)" (?GetCursorStartPos@ImGui@@YA?AUImVec2@@XZ) already defined in Media.lib(imgui.obj); second definition ignored
ImGui.lib(imgui.obj) : warning LNK4006: "void __cdecl ImGui::SameLine(float,float)" (?SameLine@ImGui@@YAXMM@Z) already defined in Media.lib(imgui.obj); second definition ignored
ImGui.lib(imgui.obj) : warning LNK4006: "void __cdecl ImGui::Indent(float)" (?Indent@ImGui@@YAXM@Z) already defined in Media.lib(imgui.obj); second definition ignored
ImGui.lib(imgui.obj) : warning LNK4006: "void __cdecl ImGui::Unindent(float)" (?Unindent@ImGui@@YAXM@Z) already defined in Media.lib(imgui.obj); second definition ignored
ImGui.lib(imgui.obj) : warning LNK4006: "void __cdecl ImGui::BeginGroup(void)" (?BeginGroup@ImGui@@YAXXZ) already defined in Media.lib(imgui.obj); second definition ignored
ImGui.lib(imgui.obj) : warning LNK4006: "void __cdecl ImGui::EndGroup(void)" (?EndGroup@ImGui@@YAXXZ) already defined in Media.lib(imgui.obj); second definition ignored
ImGui.lib(imgui.obj) : warning LNK4006: "float __cdecl ImGui::GetTextLineHeight(void)" (?GetTextLineHeight@ImGui@@YAMXZ) already defined in Media.lib(imgui.obj); second definition ignored
ImGui.lib(imgui.obj) : warning LNK4006: "float __cdecl ImGui::GetTextLineHeightWithSpacing(void)" (?GetTextLineHeightWithSpacing@ImGui@@YAMXZ) already defined in Media.lib(imgui.obj); second definition ignored
ImGui.lib(imgui.obj) : warning LNK4006: "float __cdecl ImGui::GetFrameHeight(void)" (?GetFrameHeight@ImGui@@YAMXZ) already defined in Media.lib(imgui.obj); second definition ignored
ImGui.lib(imgui.obj) : warning LNK4006: "float __cdecl ImGui::GetFrameHeightWithSpacing(void)" (?GetFrameHeightWithSpacing@ImGui@@YAMXZ) already defined in Media.lib(imgui.obj); second definition ignored
ImGui.lib(imgui.obj) : warning LNK4006: "void __cdecl ImGui::PushID(char const *)" (?PushID@ImGui@@YAXPBD@Z) already defined in Media.lib(imgui.obj); second definition ignored
ImGui.lib(imgui.obj) : warning LNK4006: "void __cdecl ImGui::PushID(char const *,char const *)" (?PushID@ImGui@@YAXPBD0@Z) already defined in Media.lib(imgui.obj); second definition ignored
ImGui.lib(imgui.obj) : warning LNK4006: "void __cdecl ImGui::PushID(void const *)" (?PushID@ImGui@@YAXPBX@Z) already defined in Media.lib(imgui.obj); second definition ignored
ImGui.lib(imgui.obj) : warning LNK4006: "void __cdecl ImGui::PushID(int)" (?PushID@ImGui@@YAXH@Z) already defined in Media.lib(imgui.obj); second definition ignored
ImGui.lib(imgui.obj) : warning LNK4006: "void __cdecl ImGui::PopID(void)" (?PopID@ImGui@@YAXXZ) already defined in Media.lib(imgui.obj); second definition ignored
ImGui.lib(imgui.obj) : warning LNK4006: "unsigned int __cdecl ImGui::GetID(char const *)" (?GetID@ImGui@@YAIPBD@Z) already defined in Media.lib(imgui.obj); second definition ignored
ImGui.lib(imgui.obj) : warning LNK4006: "unsigned int __cdecl ImGui::GetID(char const *,char const *)" (?GetID@ImGui@@YAIPBD0@Z) already defined in Media.lib(imgui.obj); second definition ignored
ImGui.lib(imgui.obj) : warning LNK4006: "unsigned int __cdecl ImGui::GetID(void const *)" (?GetID@ImGui@@YAIPBX@Z) already defined in Media.lib(imgui.obj); second definition ignored
ImGui.lib(imgui.obj) : warning LNK4006: "unsigned int __cdecl ImGui::GetID(int)" (?GetID@ImGui@@YAIH@Z) already defined in Media.lib(imgui.obj); second definition ignored
ImGui.lib(imgui.obj) : warning LNK4006: "bool __cdecl ImGui::IsItemToggledSelection(void)" (?IsItemToggledSelection@ImGui@@YA_NXZ) already defined in Media.lib(imgui.obj); second definition ignored
ImGui.lib(imgui.obj) : warning LNK4006: "bool __cdecl ImGui::BeginTooltip(void)" (?BeginTooltip@ImGui@@YA_NXZ) already defined in Media.lib(imgui.obj); second definition ignored
ImGui.lib(imgui.obj) : warning LNK4006: "void __cdecl ImGui::EndTooltip(void)" (?EndTooltip@ImGui@@YAXXZ) already defined in Media.lib(imgui.obj); second definition ignored
ImGui.lib(imgui.obj) : warning LNK4006: "void __cdecl ImGui::SetTooltip(char const *,...)" (?SetTooltip@ImGui@@YAXPBDZZ) already defined in Media.lib(imgui.obj); second definition ignored
ImGui.lib(imgui.obj) : warning LNK4006: "void __cdecl ImGui::SetTooltipV(char const *,char *)" (?SetTooltipV@ImGui@@YAXPBDPAD@Z) already defined in Media.lib(imgui.obj); second definition ignored
ImGui.lib(imgui.obj) : warning LNK4006: "bool __cdecl ImGui::BeginItemTooltip(void)" (?BeginItemTooltip@ImGui@@YA_NXZ) already defined in Media.lib(imgui.obj); second definition ignored
ImGui.lib(imgui.obj) : warning LNK4006: "void __cdecl ImGui::SetItemTooltip(char const *,...)" (?SetItemTooltip@ImGui@@YAXPBDZZ) already defined in Media.lib(imgui.obj); second definition ignored
ImGui.lib(imgui.obj) : warning LNK4006: "void __cdecl ImGui::SetItemTooltipV(char const *,char *)" (?SetItemTooltipV@ImGui@@YAXPBDPAD@Z) already defined in Media.lib(imgui.obj); second definition ignored
ImGui.lib(imgui.obj) : warning LNK4006: "bool __cdecl ImGui::BeginPopup(char const *,int)" (?BeginPopup@ImGui@@YA_NPBDH@Z) already defined in Media.lib(imgui.obj); second definition ignored
ImGui.lib(imgui.obj) : warning LNK4006: "bool __cdecl ImGui::BeginPopupModal(char const *,bool *,int)" (?BeginPopupModal@ImGui@@YA_NPBDPA_NH@Z) already defined in Media.lib(imgui.obj); second definition ignored
ImGui.lib(imgui.obj) : warning LNK4006: "void __cdecl ImGui::EndPopup(void)" (?EndPopup@ImGui@@YAXXZ) already defined in Media.lib(imgui.obj); second definition ignored
ImGui.lib(imgui.obj) : warning LNK4006: "void __cdecl ImGui::OpenPopup(char const *,int)" (?OpenPopup@ImGui@@YAXPBDH@Z) already defined in Media.lib(imgui.obj); second definition ignored
ImGui.lib(imgui.obj) : warning LNK4006: "void __cdecl ImGui::OpenPopup(unsigned int,int)" (?OpenPopup@ImGui@@YAXIH@Z) already defined in Media.lib(imgui.obj); second definition ignored
ImGui.lib(imgui.obj) : warning LNK4006: "void __cdecl ImGui::OpenPopupOnItemClick(char const *,int)" (?OpenPopupOnItemClick@ImGui@@YAXPBDH@Z) already defined in Media.lib(imgui.obj); second definition ignored
ImGui.lib(imgui.obj) : warning LNK4006: "void __cdecl ImGui::CloseCurrentPopup(void)" (?CloseCurrentPopup@ImGui@@YAXXZ) already defined in Media.lib(imgui.obj); second definition ignored
ImGui.lib(imgui.obj) : warning LNK4006: "bool __cdecl ImGui::BeginPopupContextItem(char const *,int)" (?BeginPopupContextItem@ImGui@@YA_NPBDH@Z) already defined in Media.lib(imgui.obj); second definition ignored
ImGui.lib(imgui.obj) : warning LNK4006: "bool __cdecl ImGui::BeginPopupContextWindow(char const *,int)" (?BeginPopupContextWindow@ImGui@@YA_NPBDH@Z) already defined in Media.lib(imgui.obj); second definition ignored
ImGui.lib(imgui.obj) : warning LNK4006: "bool __cdecl ImGui::BeginPopupContextVoid(char const *,int)" (?BeginPopupContextVoid@ImGui@@YA_NPBDH@Z) already defined in Media.lib(imgui.obj); second definition ignored
ImGui.lib(imgui.obj) : warning LNK4006: "bool __cdecl ImGui::IsPopupOpen(char const *,int)" (?IsPopupOpen@ImGui@@YA_NPBDH@Z) already defined in Media.lib(imgui.obj); second definition ignored
ImGui.lib(imgui.obj) : warning LNK4006: "unsigned int __cdecl ImGui::DockSpace(unsigned int,struct ImVec2 const &,int,struct ImGuiWindowClass const *)" (?DockSpace@ImGui@@YAIIABUImVec2@@HPBUImGuiWindowClass@@@Z) already defined in Media.lib(imgui.obj); second definition ignored
ImGui.lib(imgui.obj) : warning LNK4006: "unsigned int __cdecl ImGui::DockSpaceOverViewport(unsigned int,struct ImGuiViewport const *,int,struct ImGuiWindowClass const *)" (?DockSpaceOverViewport@ImGui@@YAIIPBUImGuiViewport@@HPBUImGuiWindowClass@@@Z) already defined in Media.lib(imgui.obj); second definition ignored
ImGui.lib(imgui.obj) : warning LNK4006: "void __cdecl ImGui::SetNextWindowDockID(unsigned int,int)" (?SetNextWindowDockID@ImGui@@YAXIH@Z) already defined in Media.lib(imgui.obj); second definition ignored
ImGui.lib(imgui.obj) : warning LNK4006: "void __cdecl ImGui::SetNextWindowClass(struct ImGuiWindowClass const *)" (?SetNextWindowClass@ImGui@@YAXPBUImGuiWindowClass@@@Z) already defined in Media.lib(imgui.obj); second definition ignored
ImGui.lib(imgui.obj) : warning LNK4006: "unsigned int __cdecl ImGui::GetWindowDockID(void)" (?GetWindowDockID@ImGui@@YAIXZ) already defined in Media.lib(imgui.obj); second definition ignored
ImGui.lib(imgui.obj) : warning LNK4006: "bool __cdecl ImGui::IsWindowDocked(void)" (?IsWindowDocked@ImGui@@YA_NXZ) already defined in Media.lib(imgui.obj); second definition ignored
ImGui.lib(imgui.obj) : warning LNK4006: "void __cdecl ImGui::LogToTTY(int)" (?LogToTTY@ImGui@@YAXH@Z) already defined in Media.lib(imgui.obj); second definition ignored
ImGui.lib(imgui.obj) : warning LNK4006: "void __cdecl ImGui::LogToFile(int,char const *)" (?LogToFile@ImGui@@YAXHPBD@Z) already defined in Media.lib(imgui.obj); second definition ignored
ImGui.lib(imgui.obj) : warning LNK4006: "void __cdecl ImGui::LogToClipboard(int)" (?LogToClipboard@ImGui@@YAXH@Z) already defined in Media.lib(imgui.obj); second definition ignored
ImGui.lib(imgui.obj) : warning LNK4006: "void __cdecl ImGui::LogFinish(void)" (?LogFinish@ImGui@@YAXXZ) already defined in Media.lib(imgui.obj); second definition ignored
ImGui.lib(imgui.obj) : warning LNK4006: "void __cdecl ImGui::LogButtons(void)" (?LogButtons@ImGui@@YAXXZ) already defined in Media.lib(imgui.obj); second definition ignored
ImGui.lib(imgui.obj) : warning LNK4006: "void __cdecl ImGui::LogText(char const *,...)" (?LogText@ImGui@@YAXPBDZZ) already defined in Media.lib(imgui.obj); second definition ignored
ImGui.lib(imgui.obj) : warning LNK4006: "void __cdecl ImGui::LogTextV(char const *,char *)" (?LogTextV@ImGui@@YAXPBDPAD@Z) already defined in Media.lib(imgui.obj); second definition ignored
ImGui.lib(imgui.obj) : warning LNK4006: "bool __cdecl ImGui::BeginDragDropSource(int)" (?BeginDragDropSource@ImGui@@YA_NH@Z) already defined in Media.lib(imgui.obj); second definition ignored
ImGui.lib(imgui.obj) : warning LNK4006: "bool __cdecl ImGui::SetDragDropPayload(char const *,void const *,unsigned int,int)" (?SetDragDropPayload@ImGui@@YA_NPBDPBXIH@Z) already defined in Media.lib(imgui.obj); second definition ignored
ImGui.lib(imgui.obj) : warning LNK4006: "void __cdecl ImGui::EndDragDropSource(void)" (?EndDragDropSource@ImGui@@YAXXZ) already defined in Media.lib(imgui.obj); second definition ignored
ImGui.lib(imgui.obj) : warning LNK4006: "bool __cdecl ImGui::BeginDragDropTarget(void)" (?BeginDragDropTarget@ImGui@@YA_NXZ) already defined in Media.lib(imgui.obj); second definition ignored
ImGui.lib(imgui.obj) : warning LNK4006: "struct ImGuiPayload const * __cdecl ImGui::AcceptDragDropPayload(char const *,int)" (?AcceptDragDropPayload@ImGui@@YAPBUImGuiPayload@@PBDH@Z) already defined in Media.lib(imgui.obj); second definition ignored
ImGui.lib(imgui.obj) : warning LNK4006: "void __cdecl ImGui::EndDragDropTarget(void)" (?EndDragDropTarget@ImGui@@YAXXZ) already defined in Media.lib(imgui.obj); second definition ignored
ImGui.lib(imgui.obj) : warning LNK4006: "struct ImGuiPayload const * __cdecl ImGui::GetDragDropPayload(void)" (?GetDragDropPayload@ImGui@@YAPBUImGuiPayload@@XZ) already defined in Media.lib(imgui.obj); second definition ignored
ImGui.lib(imgui.obj) : warning LNK4006: "void __cdecl ImGui::BeginDisabled(bool)" (?BeginDisabled@ImGui@@YAX_N@Z) already defined in Media.lib(imgui.obj); second definition ignored
ImGui.lib(imgui.obj) : warning LNK4006: "void __cdecl ImGui::EndDisabled(void)" (?EndDisabled@ImGui@@YAXXZ) already defined in Media.lib(imgui.obj); second definition ignored
ImGui.lib(imgui.obj) : warning LNK4006: "void __cdecl ImGui::PushClipRect(struct ImVec2 const &,struct ImVec2 const &,bool)" (?PushClipRect@ImGui@@YAXABUImVec2@@0_N@Z) already defined in Media.lib(imgui.obj); second definition ignored
ImGui.lib(imgui.obj) : warning LNK4006: "void __cdecl ImGui::PopClipRect(void)" (?PopClipRect@ImGui@@YAXXZ) already defined in Media.lib(imgui.obj); second definition ignored
ImGui.lib(imgui.obj) : warning LNK4006: "void __cdecl ImGui::SetItemDefaultFocus(void)" (?SetItemDefaultFocus@ImGui@@YAXXZ) already defined in Media.lib(imgui.obj); second definition ignored
ImGui.lib(imgui.obj) : warning LNK4006: "void __cdecl ImGui::SetKeyboardFocusHere(int)" (?SetKeyboardFocusHere@ImGui@@YAXH@Z) already defined in Media.lib(imgui.obj); second definition ignored
ImGui.lib(imgui.obj) : warning LNK4006: "void __cdecl ImGui::SetNavCursorVisible(bool)" (?SetNavCursorVisible@ImGui@@YAX_N@Z) already defined in Media.lib(imgui.obj); second definition ignored
ImGui.lib(imgui.obj) : warning LNK4006: "void __cdecl ImGui::SetNextItemAllowOverlap(void)" (?SetNextItemAllowOverlap@ImGui@@YAXXZ) already defined in Media.lib(imgui.obj); second definition ignored
ImGui.lib(imgui.obj) : warning LNK4006: "bool __cdecl ImGui::IsItemHovered(int)" (?IsItemHovered@ImGui@@YA_NH@Z) already defined in Media.lib(imgui.obj); second definition ignored
ImGui.lib(imgui.obj) : warning LNK4006: "bool __cdecl ImGui::IsItemActive(void)" (?IsItemActive@ImGui@@YA_NXZ) already defined in Media.lib(imgui.obj); second definition ignored
ImGui.lib(imgui.obj) : warning LNK4006: "bool __cdecl ImGui::IsItemFocused(void)" (?IsItemFocused@ImGui@@YA_NXZ) already defined in Media.lib(imgui.obj); second definition ignored
ImGui.lib(imgui.obj) : warning LNK4006: "bool __cdecl ImGui::IsItemClicked(int)" (?IsItemClicked@ImGui@@YA_NH@Z) already defined in Media.lib(imgui.obj); second definition ignored
ImGui.lib(imgui.obj) : warning LNK4006: "bool __cdecl ImGui::IsItemVisible(void)" (?IsItemVisible@ImGui@@YA_NXZ) already defined in Media.lib(imgui.obj); second definition ignored
ImGui.lib(imgui.obj) : warning LNK4006: "bool __cdecl ImGui::IsItemEdited(void)" (?IsItemEdited@ImGui@@YA_NXZ) already defined in Media.lib(imgui.obj); second definition ignored
ImGui.lib(imgui.obj) : warning LNK4006: "bool __cdecl ImGui::IsItemActivated(void)" (?IsItemActivated@ImGui@@YA_NXZ) already defined in Media.lib(imgui.obj); second definition ignored
ImGui.lib(imgui.obj) : warning LNK4006: "bool __cdecl ImGui::IsItemDeactivated(void)" (?IsItemDeactivated@ImGui@@YA_NXZ) already defined in Media.lib(imgui.obj); second definition ignored
ImGui.lib(imgui.obj) : warning LNK4006: "bool __cdecl ImGui::IsItemDeactivatedAfterEdit(void)" (?IsItemDeactivatedAfterEdit@ImGui@@YA_NXZ) already defined in Media.lib(imgui.obj); second definition ignored
ImGui.lib(imgui.obj) : warning LNK4006: "bool __cdecl ImGui::IsItemToggledOpen(void)" (?IsItemToggledOpen@ImGui@@YA_NXZ) already defined in Media.lib(imgui.obj); second definition ignored
ImGui.lib(imgui.obj) : warning LNK4006: "bool __cdecl ImGui::IsAnyItemHovered(void)" (?IsAnyItemHovered@ImGui@@YA_NXZ) already defined in Media.lib(imgui.obj); second definition ignored
ImGui.lib(imgui.obj) : warning LNK4006: "bool __cdecl ImGui::IsAnyItemActive(void)" (?IsAnyItemActive@ImGui@@YA_NXZ) already defined in Media.lib(imgui.obj); second definition ignored
ImGui.lib(imgui.obj) : warning LNK4006: "bool __cdecl ImGui::IsAnyItemFocused(void)" (?IsAnyItemFocused@ImGui@@YA_NXZ) already defined in Media.lib(imgui.obj); second definition ignored
ImGui.lib(imgui.obj) : warning LNK4006: "unsigned int __cdecl ImGui::GetItemID(void)" (?GetItemID@ImGui@@YAIXZ) already defined in Media.lib(imgui.obj); second definition ignored
ImGui.lib(imgui.obj) : warning LNK4006: "struct ImVec2 __cdecl ImGui::GetItemRectMin(void)" (?GetItemRectMin@ImGui@@YA?AUImVec2@@XZ) already defined in Media.lib(imgui.obj); second definition ignored
ImGui.lib(imgui.obj) : warning LNK4006: "struct ImVec2 __cdecl ImGui::GetItemRectMax(void)" (?GetItemRectMax@ImGui@@YA?AUImVec2@@XZ) already defined in Media.lib(imgui.obj); second definition ignored
ImGui.lib(imgui.obj) : warning LNK4006: "struct ImVec2 __cdecl ImGui::GetItemRectSize(void)" (?GetItemRectSize@ImGui@@YA?AUImVec2@@XZ) already defined in Media.lib(imgui.obj); second definition ignored
ImGui.lib(imgui.obj) : warning LNK4006: "int __cdecl ImGui::GetItemFlags(void)" (?GetItemFlags@ImGui@@YAHXZ) already defined in Media.lib(imgui.obj); second definition ignored
ImGui.lib(imgui.obj) : warning LNK4006: "struct ImGuiViewport * __cdecl ImGui::GetMainViewport(void)" (?GetMainViewport@ImGui@@YAPAUImGuiViewport@@XZ) already defined in Media.lib(imgui.obj); second definition ignored
ImGui.lib(imgui.obj) : warning LNK4006: "struct ImDrawList * __cdecl ImGui::GetBackgroundDrawList(struct ImGuiViewport *)" (?GetBackgroundDrawList@ImGui@@YAPAUImDrawList@@PAUImGuiViewport@@@Z) already defined in Media.lib(imgui.obj); second definition ignored
ImGui.lib(imgui.obj) : warning LNK4006: "struct ImDrawList * __cdecl ImGui::GetForegroundDrawList(struct ImGuiViewport *)" (?GetForegroundDrawList@ImGui@@YAPAUImDrawList@@PAUImGuiViewport@@@Z) already defined in Media.lib(imgui.obj); second definition ignored
ImGui.lib(imgui.obj) : warning LNK4006: "bool __cdecl ImGui::IsRectVisible(struct ImVec2 const &)" (?IsRectVisible@ImGui@@YA_NABUImVec2@@@Z) already defined in Media.lib(imgui.obj); second definition ignored
ImGui.lib(imgui.obj) : warning LNK4006: "bool __cdecl ImGui::IsRectVisible(struct ImVec2 const &,struct ImVec2 const &)" (?IsRectVisible@ImGui@@YA_NABUImVec2@@0@Z) already defined in Media.lib(imgui.obj); second definition ignored
ImGui.lib(imgui.obj) : warning LNK4006: "double __cdecl ImGui::GetTime(void)" (?GetTime@ImGui@@YANXZ) already defined in Media.lib(imgui.obj); second definition ignored
ImGui.lib(imgui.obj) : warning LNK4006: "int __cdecl ImGui::GetFrameCount(void)" (?GetFrameCount@ImGui@@YAHXZ) already defined in Media.lib(imgui.obj); second definition ignored
ImGui.lib(imgui.obj) : warning LNK4006: "struct ImDrawListSharedData * __cdecl ImGui::GetDrawListSharedData(void)" (?GetDrawListSharedData@ImGui@@YAPAUImDrawListSharedData@@XZ) already defined in Media.lib(imgui.obj); second definition ignored
ImGui.lib(imgui.obj) : warning LNK4006: "char const * __cdecl ImGui::GetStyleColorName(int)" (?GetStyleColorName@ImGui@@YAPBDH@Z) already defined in Media.lib(imgui.obj); second definition ignored
ImGui.lib(imgui.obj) : warning LNK4006: "void __cdecl ImGui::SetStateStorage(struct ImGuiStorage *)" (?SetStateStorage@ImGui@@YAXPAUImGuiStorage@@@Z) already defined in Media.lib(imgui.obj); second definition ignored
ImGui.lib(imgui.obj) : warning LNK4006: "struct ImGuiStorage * __cdecl ImGui::GetStateStorage(void)" (?GetStateStorage@ImGui@@YAPAUImGuiStorage@@XZ) already defined in Media.lib(imgui.obj); second definition ignored
ImGui.lib(imgui.obj) : warning LNK4006: "struct ImVec2 __cdecl ImGui::CalcTextSize(char const *,char const *,bool,float)" (?CalcTextSize@ImGui@@YA?AUImVec2@@PBD0_NM@Z) already defined in Media.lib(imgui.obj); second definition ignored
ImGui.lib(imgui.obj) : warning LNK4006: "struct ImVec4 __cdecl ImGui::ColorConvertU32ToFloat4(unsigned int)" (?ColorConvertU32ToFloat4@ImGui@@YA?AUImVec4@@I@Z) already defined in Media.lib(imgui.obj); second definition ignored
ImGui.lib(imgui.obj) : warning LNK4006: "unsigned int __cdecl ImGui::ColorConvertFloat4ToU32(struct ImVec4 const &)" (?ColorConvertFloat4ToU32@ImGui@@YAIABUImVec4@@@Z) already defined in Media.lib(imgui.obj); second definition ignored
ImGui.lib(imgui.obj) : warning LNK4006: "void __cdecl ImGui::ColorConvertRGBtoHSV(float,float,float,float &,float &,float &)" (?ColorConvertRGBtoHSV@ImGui@@YAXMMMAAM00@Z) already defined in Media.lib(imgui.obj); second definition ignored
ImGui.lib(imgui.obj) : warning LNK4006: "void __cdecl ImGui::ColorConvertHSVtoRGB(float,float,float,float &,float &,float &)" (?ColorConvertHSVtoRGB@ImGui@@YAXMMMAAM00@Z) already defined in Media.lib(imgui.obj); second definition ignored
ImGui.lib(imgui.obj) : warning LNK4006: "bool __cdecl ImGui::IsKeyDown(enum ImGuiKey)" (?IsKeyDown@ImGui@@YA_NW4ImGuiKey@@@Z) already defined in Media.lib(imgui.obj); second definition ignored
ImGui.lib(imgui.obj) : warning LNK4006: "bool __cdecl ImGui::IsKeyPressed(enum ImGuiKey,bool)" (?IsKeyPressed@ImGui@@YA_NW4ImGuiKey@@_N@Z) already defined in Media.lib(imgui.obj); second definition ignored
ImGui.lib(imgui.obj) : warning LNK4006: "bool __cdecl ImGui::IsKeyReleased(enum ImGuiKey)" (?IsKeyReleased@ImGui@@YA_NW4ImGuiKey@@@Z) already defined in Media.lib(imgui.obj); second definition ignored
ImGui.lib(imgui.obj) : warning LNK4006: "bool __cdecl ImGui::IsKeyChordPressed(int)" (?IsKeyChordPressed@ImGui@@YA_NH@Z) already defined in Media.lib(imgui.obj); second definition ignored
ImGui.lib(imgui.obj) : warning LNK4006: "int __cdecl ImGui::GetKeyPressedAmount(enum ImGuiKey,float,float)" (?GetKeyPressedAmount@ImGui@@YAHW4ImGuiKey@@MM@Z) already defined in Media.lib(imgui.obj); second definition ignored
ImGui.lib(imgui.obj) : warning LNK4006: "char const * __cdecl ImGui::GetKeyName(enum ImGuiKey)" (?GetKeyName@ImGui@@YAPBDW4ImGuiKey@@@Z) already defined in Media.lib(imgui.obj); second definition ignored
ImGui.lib(imgui.obj) : warning LNK4006: "void __cdecl ImGui::SetNextFrameWantCaptureKeyboard(bool)" (?SetNextFrameWantCaptureKeyboard@ImGui@@YAX_N@Z) already defined in Media.lib(imgui.obj); second definition ignored
ImGui.lib(imgui.obj) : warning LNK4006: "bool __cdecl ImGui::Shortcut(int,int)" (?Shortcut@ImGui@@YA_NHH@Z) already defined in Media.lib(imgui.obj); second definition ignored
ImGui.lib(imgui.obj) : warning LNK4006: "void __cdecl ImGui::SetNextItemShortcut(int,int)" (?SetNextItemShortcut@ImGui@@YAXHH@Z) already defined in Media.lib(imgui.obj); second definition ignored
ImGui.lib(imgui.obj) : warning LNK4006: "void __cdecl ImGui::SetItemKeyOwner(enum ImGuiKey)" (?SetItemKeyOwner@ImGui@@YAXW4ImGuiKey@@@Z) already defined in Media.lib(imgui.obj); second definition ignored
ImGui.lib(imgui.obj) : warning LNK4006: "bool __cdecl ImGui::IsMouseDown(int)" (?IsMouseDown@ImGui@@YA_NH@Z) already defined in Media.lib(imgui.obj); second definition ignored
ImGui.lib(imgui.obj) : warning LNK4006: "bool __cdecl ImGui::IsMouseClicked(int,bool)" (?IsMouseClicked@ImGui@@YA_NH_N@Z) already defined in Media.lib(imgui.obj); second definition ignored
ImGui.lib(imgui.obj) : warning LNK4006: "bool __cdecl ImGui::IsMouseReleased(int)" (?IsMouseReleased@ImGui@@YA_NH@Z) already defined in Media.lib(imgui.obj); second definition ignored
ImGui.lib(imgui.obj) : warning LNK4006: "bool __cdecl ImGui::IsMouseDoubleClicked(int)" (?IsMouseDoubleClicked@ImGui@@YA_NH@Z) already defined in Media.lib(imgui.obj); second definition ignored
ImGui.lib(imgui.obj) : warning LNK4006: "bool __cdecl ImGui::IsMouseReleasedWithDelay(int,float)" (?IsMouseReleasedWithDelay@ImGui@@YA_NHM@Z) already defined in Media.lib(imgui.obj); second definition ignored
ImGui.lib(imgui.obj) : warning LNK4006: "int __cdecl ImGui::GetMouseClickedCount(int)" (?GetMouseClickedCount@ImGui@@YAHH@Z) already defined in Media.lib(imgui.obj); second definition ignored
ImGui.lib(imgui.obj) : warning LNK4006: "bool __cdecl ImGui::IsMouseHoveringRect(struct ImVec2 const &,struct ImVec2 const &,bool)" (?IsMouseHoveringRect@ImGui@@YA_NABUImVec2@@0_N@Z) already defined in Media.lib(imgui.obj); second definition ignored
ImGui.lib(imgui.obj) : warning LNK4006: "bool __cdecl ImGui::IsMousePosValid(struct ImVec2 const *)" (?IsMousePosValid@ImGui@@YA_NPBUImVec2@@@Z) already defined in Media.lib(imgui.obj); second definition ignored
ImGui.lib(imgui.obj) : warning LNK4006: "bool __cdecl ImGui::IsAnyMouseDown(void)" (?IsAnyMouseDown@ImGui@@YA_NXZ) already defined in Media.lib(imgui.obj); second definition ignored
ImGui.lib(imgui.obj) : warning LNK4006: "struct ImVec2 __cdecl ImGui::GetMousePos(void)" (?GetMousePos@ImGui@@YA?AUImVec2@@XZ) already defined in Media.lib(imgui.obj); second definition ignored
ImGui.lib(imgui.obj) : warning LNK4006: "struct ImVec2 __cdecl ImGui::GetMousePosOnOpeningCurrentPopup(void)" (?GetMousePosOnOpeningCurrentPopup@ImGui@@YA?AUImVec2@@XZ) already defined in Media.lib(imgui.obj); second definition ignored
ImGui.lib(imgui.obj) : warning LNK4006: "bool __cdecl ImGui::IsMouseDragging(int,float)" (?IsMouseDragging@ImGui@@YA_NHM@Z) already defined in Media.lib(imgui.obj); second definition ignored
ImGui.lib(imgui.obj) : warning LNK4006: "struct ImVec2 __cdecl ImGui::GetMouseDragDelta(int,float)" (?GetMouseDragDelta@ImGui@@YA?AUImVec2@@HM@Z) already defined in Media.lib(imgui.obj); second definition ignored
ImGui.lib(imgui.obj) : warning LNK4006: "void __cdecl ImGui::ResetMouseDragDelta(int)" (?ResetMouseDragDelta@ImGui@@YAXH@Z) already defined in Media.lib(imgui.obj); second definition ignored
ImGui.lib(imgui.obj) : warning LNK4006: "int __cdecl ImGui::GetMouseCursor(void)" (?GetMouseCursor@ImGui@@YAHXZ) already defined in Media.lib(imgui.obj); second definition ignored
ImGui.lib(imgui.obj) : warning LNK4006: "void __cdecl ImGui::SetMouseCursor(int)" (?SetMouseCursor@ImGui@@YAXH@Z) already defined in Media.lib(imgui.obj); second definition ignored
ImGui.lib(imgui.obj) : warning LNK4006: "void __cdecl ImGui::SetNextFrameWantCaptureMouse(bool)" (?SetNextFrameWantCaptureMouse@ImGui@@YAX_N@Z) already defined in Media.lib(imgui.obj); second definition ignored
ImGui.lib(imgui.obj) : warning LNK4006: "char const * __cdecl ImGui::GetClipboardText(void)" (?GetClipboardText@ImGui@@YAPBDXZ) already defined in Media.lib(imgui.obj); second definition ignored
ImGui.lib(imgui.obj) : warning LNK4006: "void __cdecl ImGui::SetClipboardText(char const *)" (?SetClipboardText@ImGui@@YAXPBD@Z) already defined in Media.lib(imgui.obj); second definition ignored
ImGui.lib(imgui.obj) : warning LNK4006: "void __cdecl ImGui::LoadIniSettingsFromDisk(char const *)" (?LoadIniSettingsFromDisk@ImGui@@YAXPBD@Z) already defined in Media.lib(imgui.obj); second definition ignored
ImGui.lib(imgui.obj) : warning LNK4006: "void __cdecl ImGui::LoadIniSettingsFromMemory(char const *,unsigned int)" (?LoadIniSettingsFromMemory@ImGui@@YAXPBDI@Z) already defined in Media.lib(imgui.obj); second definition ignored
ImGui.lib(imgui.obj) : warning LNK4006: "void __cdecl ImGui::SaveIniSettingsToDisk(char const *)" (?SaveIniSettingsToDisk@ImGui@@YAXPBD@Z) already defined in Media.lib(imgui.obj); second definition ignored
ImGui.lib(imgui.obj) : warning LNK4006: "char const * __cdecl ImGui::SaveIniSettingsToMemory(unsigned int *)" (?SaveIniSettingsToMemory@ImGui@@YAPBDPAI@Z) already defined in Media.lib(imgui.obj); second definition ignored
ImGui.lib(imgui.obj) : warning LNK4006: "void __cdecl ImGui::DebugTextEncoding(char const *)" (?DebugTextEncoding@ImGui@@YAXPBD@Z) already defined in Media.lib(imgui.obj); second definition ignored
ImGui.lib(imgui.obj) : warning LNK4006: "void __cdecl ImGui::DebugFlashStyleColor(int)" (?DebugFlashStyleColor@ImGui@@YAXH@Z) already defined in Media.lib(imgui.obj); second definition ignored
ImGui.lib(imgui.obj) : warning LNK4006: "void __cdecl ImGui::DebugStartItemPicker(void)" (?DebugStartItemPicker@ImGui@@YAXXZ) already defined in Media.lib(imgui.obj); second definition ignored
ImGui.lib(imgui.obj) : warning LNK4006: "bool __cdecl ImGui::DebugCheckVersionAndDataLayout(char const *,unsigned int,unsigned int,unsigned int,unsigned int,unsigned int,unsigned int)" (?DebugCheckVersionAndDataLayout@ImGui@@YA_NPBDIIIIII@Z) already defined in Media.lib(imgui.obj); second definition ignored
ImGui.lib(imgui.obj) : warning LNK4006: "void __cdecl ImGui::DebugLog(char const *,...)" (?DebugLog@ImGui@@YAXPBDZZ) already defined in Media.lib(imgui.obj); second definition ignored
ImGui.lib(imgui.obj) : warning LNK4006: "void __cdecl ImGui::DebugLogV(char const *,char *)" (?DebugLogV@ImGui@@YAXPBDPAD@Z) already defined in Media.lib(imgui.obj); second definition ignored
ImGui.lib(imgui.obj) : warning LNK4006: "void __cdecl ImGui::SetAllocatorFunctions(void * (__cdecl*)(unsigned int,void *),void (__cdecl*)(void *,void *),void *)" (?SetAllocatorFunctions@ImGui@@YAXP6APAXIPAX@ZP6AX00@Z0@Z) already defined in Media.lib(imgui.obj); second definition ignored
ImGui.lib(imgui.obj) : warning LNK4006: "void __cdecl ImGui::GetAllocatorFunctions(void * (__cdecl**)(unsigned int,void *),void (__cdecl**)(void *,void *),void * *)" (?GetAllocatorFunctions@ImGui@@YAXPAP6APAXIPAX@ZPAP6AX00@ZPAPAX@Z) already defined in Media.lib(imgui.obj); second definition ignored
ImGui.lib(imgui.obj) : warning LNK4006: "void * __cdecl ImGui::MemAlloc(unsigned int)" (?MemAlloc@ImGui@@YAPAXI@Z) already defined in Media.lib(imgui.obj); second definition ignored
ImGui.lib(imgui.obj) : warning LNK4006: "void __cdecl ImGui::MemFree(void *)" (?MemFree@ImGui@@YAXPAX@Z) already defined in Media.lib(imgui.obj); second definition ignored
ImGui.lib(imgui.obj) : warning LNK4006: "void __cdecl ImGui::UpdatePlatformWindows(void)" (?UpdatePlatformWindows@ImGui@@YAXXZ) already defined in Media.lib(imgui.obj); second definition ignored
ImGui.lib(imgui.obj) : warning LNK4006: "void __cdecl ImGui::RenderPlatformWindowsDefault(void *,void *)" (?RenderPlatformWindowsDefault@ImGui@@YAXPAX0@Z) already defined in Media.lib(imgui.obj); second definition ignored
ImGui.lib(imgui.obj) : warning LNK4006: "void __cdecl ImGui::DestroyPlatformWindows(void)" (?DestroyPlatformWindows@ImGui@@YAXXZ) already defined in Media.lib(imgui.obj); second definition ignored
ImGui.lib(imgui.obj) : warning LNK4006: "struct ImGuiViewport * __cdecl ImGui::FindViewportByID(unsigned int)" (?FindViewportByID@ImGui@@YAPAUImGuiViewport@@I@Z) already defined in Media.lib(imgui.obj); second definition ignored
ImGui.lib(imgui.obj) : warning LNK4006: "struct ImGuiViewport * __cdecl ImGui::FindViewportByPlatformHandle(void *)" (?FindViewportByPlatformHandle@ImGui@@YAPAUImGuiViewport@@PAX@Z) already defined in Media.lib(imgui.obj); second definition ignored
ImGui.lib(imgui.obj) : warning LNK4006: "public: __thiscall ImGuiStyle::ImGuiStyle(void)" (??0ImGuiStyle@@QAE@XZ) already defined in Media.lib(imgui.obj); second definition ignored
ImGui.lib(imgui.obj) : warning LNK4006: "public: void __thiscall ImGuiStyle::ScaleAllSizes(float)" (?ScaleAllSizes@ImGuiStyle@@QAEXM@Z) already defined in Media.lib(imgui.obj); second definition ignored
ImGui.lib(imgui.obj) : warning LNK4006: "public: void __thiscall ImGuiIO::AddKeyEvent(enum ImGuiKey,bool)" (?AddKeyEvent@ImGuiIO@@QAEXW4ImGuiKey@@_N@Z) already defined in Media.lib(imgui.obj); second definition ignored
ImGui.lib(imgui.obj) : warning LNK4006: "public: void __thiscall ImGuiIO::AddKeyAnalogEvent(enum ImGuiKey,bool,float)" (?AddKeyAnalogEvent@ImGuiIO@@QAEXW4ImGuiKey@@_NM@Z) already defined in Media.lib(imgui.obj); second definition ignored
ImGui.lib(imgui.obj) : warning LNK4006: "public: void __thiscall ImGuiIO::AddMousePosEvent(float,float)" (?AddMousePosEvent@ImGuiIO@@QAEXMM@Z) already defined in Media.lib(imgui.obj); second definition ignored
ImGui.lib(imgui.obj) : warning LNK4006: "public: void __thiscall ImGuiIO::AddMouseButtonEvent(int,bool)" (?AddMouseButtonEvent@ImGuiIO@@QAEXH_N@Z) already defined in Media.lib(imgui.obj); second definition ignored
ImGui.lib(imgui.obj) : warning LNK4006: "public: void __thiscall ImGuiIO::AddMouseWheelEvent(float,float)" (?AddMouseWheelEvent@ImGuiIO@@QAEXMM@Z) already defined in Media.lib(imgui.obj); second definition ignored
ImGui.lib(imgui.obj) : warning LNK4006: "public: void __thiscall ImGuiIO::AddMouseSourceEvent(enum ImGuiMouseSource)" (?AddMouseSourceEvent@ImGuiIO@@QAEXW4ImGuiMouseSource@@@Z) already defined in Media.lib(imgui.obj); second definition ignored
ImGui.lib(imgui.obj) : warning LNK4006: "public: void __thiscall ImGuiIO::AddMouseViewportEvent(unsigned int)" (?AddMouseViewportEvent@ImGuiIO@@QAEXI@Z) already defined in Media.lib(imgui.obj); second definition ignored
ImGui.lib(imgui.obj) : warning LNK4006: "public: void __thiscall ImGuiIO::AddFocusEvent(bool)" (?AddFocusEvent@ImGuiIO@@QAEX_N@Z) already defined in Media.lib(imgui.obj); second definition ignored
ImGui.lib(imgui.obj) : warning LNK4006: "public: void __thiscall ImGuiIO::AddInputCharacter(unsigned int)" (?AddInputCharacter@ImGuiIO@@QAEXI@Z) already defined in Media.lib(imgui.obj); second definition ignored
ImGui.lib(imgui.obj) : warning LNK4006: "public: void __thiscall ImGuiIO::AddInputCharacterUTF16(unsigned short)" (?AddInputCharacterUTF16@ImGuiIO@@QAEXG@Z) already defined in Media.lib(imgui.obj); second definition ignored
ImGui.lib(imgui.obj) : warning LNK4006: "public: void __thiscall ImGuiIO::AddInputCharactersUTF8(char const *)" (?AddInputCharactersUTF8@ImGuiIO@@QAEXPBD@Z) already defined in Media.lib(imgui.obj); second definition ignored
ImGui.lib(imgui.obj) : warning LNK4006: "public: void __thiscall ImGuiIO::SetKeyEventNativeData(enum ImGuiKey,int,int,int)" (?SetKeyEventNativeData@ImGuiIO@@QAEXW4ImGuiKey@@HHH@Z) already defined in Media.lib(imgui.obj); second definition ignored
ImGui.lib(imgui.obj) : warning LNK4006: "public: void __thiscall ImGuiIO::SetAppAcceptingEvents(bool)" (?SetAppAcceptingEvents@ImGuiIO@@QAEX_N@Z) already defined in Media.lib(imgui.obj); second definition ignored
ImGui.lib(imgui.obj) : warning LNK4006: "public: void __thiscall ImGuiIO::ClearEventsQueue(void)" (?ClearEventsQueue@ImGuiIO@@QAEXXZ) already defined in Media.lib(imgui.obj); second definition ignored
ImGui.lib(imgui.obj) : warning LNK4006: "public: void __thiscall ImGuiIO::ClearInputKeys(void)" (?ClearInputKeys@ImGuiIO@@QAEXXZ) already defined in Media.lib(imgui.obj); second definition ignored
ImGui.lib(imgui.obj) : warning LNK4006: "public: void __thiscall ImGuiIO::ClearInputMouse(void)" (?ClearInputMouse@ImGuiIO@@QAEXXZ) already defined in Media.lib(imgui.obj); second definition ignored
ImGui.lib(imgui.obj) : warning LNK4006: "public: __thiscall ImGuiIO::ImGuiIO(void)" (??0ImGuiIO@@QAE@XZ) already defined in Media.lib(imgui.obj); second definition ignored
ImGui.lib(imgui.obj) : warning LNK4006: "public: __thiscall ImGuiTextFilter::ImGuiTextFilter(char const *)" (??0ImGuiTextFilter@@QAE@PBD@Z) already defined in Media.lib(imgui.obj); second definition ignored
ImGui.lib(imgui.obj) : warning LNK4006: "public: bool __thiscall ImGuiTextFilter::Draw(char const *,float)" (?Draw@ImGuiTextFilter@@QAE_NPBDM@Z) already defined in Media.lib(imgui.obj); second definition ignored
ImGui.lib(imgui.obj) : warning LNK4006: "public: bool __thiscall ImGuiTextFilter::PassFilter(char const *,char const *)const " (?PassFilter@ImGuiTextFilter@@QBE_NPBD0@Z) already defined in Media.lib(imgui.obj); second definition ignored
ImGui.lib(imgui.obj) : warning LNK4006: "public: void __thiscall ImGuiTextFilter::Build(void)" (?Build@ImGuiTextFilter@@QAEXXZ) already defined in Media.lib(imgui.obj); second definition ignored
ImGui.lib(imgui.obj) : warning LNK4006: "public: void __thiscall ImGuiTextFilter::ImGuiTextRange::split(char,struct ImVector<struct ImGuiTextFilter::ImGuiTextRange> *)const " (?split@ImGuiTextRange@ImGuiTextFilter@@QBEXDPAU?$ImVector@UImGuiTextRange@ImGuiTextFilter@@@@@Z) already defined in Media.lib(imgui.obj); second definition ignored
ImGui.lib(imgui.obj) : warning LNK4006: "public: void __thiscall ImGuiTextBuffer::append(char const *,char const *)" (?append@ImGuiTextBuffer@@QAEXPBD0@Z) already defined in Media.lib(imgui.obj); second definition ignored
ImGui.lib(imgui.obj) : warning LNK4006: "public: void __cdecl ImGuiTextBuffer::appendf(char const *,...)" (?appendf@ImGuiTextBuffer@@QAAXPBDZZ) already defined in Media.lib(imgui.obj); second definition ignored
ImGui.lib(imgui.obj) : warning LNK4006: "public: void __thiscall ImGuiTextBuffer::appendfv(char const *,char *)" (?appendfv@ImGuiTextBuffer@@QAEXPBDPAD@Z) already defined in Media.lib(imgui.obj); second definition ignored
ImGui.lib(imgui.obj) : warning LNK4006: "public: int __thiscall ImGuiStorage::GetInt(unsigned int,int)const " (?GetInt@ImGuiStorage@@QBEHIH@Z) already defined in Media.lib(imgui.obj); second definition ignored
ImGui.lib(imgui.obj) : warning LNK4006: "public: void __thiscall ImGuiStorage::SetInt(unsigned int,int)" (?SetInt@ImGuiStorage@@QAEXIH@Z) already defined in Media.lib(imgui.obj); second definition ignored
ImGui.lib(imgui.obj) : warning LNK4006: "public: bool __thiscall ImGuiStorage::GetBool(unsigned int,bool)const " (?GetBool@ImGuiStorage@@QBE_NI_N@Z) already defined in Media.lib(imgui.obj); second definition ignored
ImGui.lib(imgui.obj) : warning LNK4006: "public: void __thiscall ImGuiStorage::SetBool(unsigned int,bool)" (?SetBool@ImGuiStorage@@QAEXI_N@Z) already defined in Media.lib(imgui.obj); second definition ignored
ImGui.lib(imgui.obj) : warning LNK4006: "public: float __thiscall ImGuiStorage::GetFloat(unsigned int,float)const " (?GetFloat@ImGuiStorage@@QBEMIM@Z) already defined in Media.lib(imgui.obj); second definition ignored
ImGui.lib(imgui.obj) : warning LNK4006: "public: void __thiscall ImGuiStorage::SetFloat(unsigned int,float)" (?SetFloat@ImGuiStorage@@QAEXIM@Z) already defined in Media.lib(imgui.obj); second definition ignored
ImGui.lib(imgui.obj) : warning LNK4006: "public: void * __thiscall ImGuiStorage::GetVoidPtr(unsigned int)const " (?GetVoidPtr@ImGuiStorage@@QBEPAXI@Z) already defined in Media.lib(imgui.obj); second definition ignored
ImGui.lib(imgui.obj) : warning LNK4006: "public: void __thiscall ImGuiStorage::SetVoidPtr(unsigned int,void *)" (?SetVoidPtr@ImGuiStorage@@QAEXIPAX@Z) already defined in Media.lib(imgui.obj); second definition ignored
ImGui.lib(imgui.obj) : warning LNK4006: "public: int * __thiscall ImGuiStorage::GetIntRef(unsigned int,int)" (?GetIntRef@ImGuiStorage@@QAEPAHIH@Z) already defined in Media.lib(imgui.obj); second definition ignored
ImGui.lib(imgui.obj) : warning LNK4006: "public: bool * __thiscall ImGuiStorage::GetBoolRef(unsigned int,bool)" (?GetBoolRef@ImGuiStorage@@QAEPA_NI_N@Z) already defined in Media.lib(imgui.obj); second definition ignored
ImGui.lib(imgui.obj) : warning LNK4006: "public: float * __thiscall ImGuiStorage::GetFloatRef(unsigned int,float)" (?GetFloatRef@ImGuiStorage@@QAEPAMIM@Z) already defined in Media.lib(imgui.obj); second definition ignored
ImGui.lib(imgui.obj) : warning LNK4006: "public: void * * __thiscall ImGuiStorage::GetVoidPtrRef(unsigned int,void *)" (?GetVoidPtrRef@ImGuiStorage@@QAEPAPAXIPAX@Z) already defined in Media.lib(imgui.obj); second definition ignored
ImGui.lib(imgui.obj) : warning LNK4006: "public: void __thiscall ImGuiStorage::BuildSortByKey(void)" (?BuildSortByKey@ImGuiStorage@@QAEXXZ) already defined in Media.lib(imgui.obj); second definition ignored
ImGui.lib(imgui.obj) : warning LNK4006: "public: void __thiscall ImGuiStorage::SetAllInt(int)" (?SetAllInt@ImGuiStorage@@QAEXH@Z) already defined in Media.lib(imgui.obj); second definition ignored
ImGui.lib(imgui.obj) : warning LNK4006: "public: __thiscall ImGuiListClipper::ImGuiListClipper(void)" (??0ImGuiListClipper@@QAE@XZ) already defined in Media.lib(imgui.obj); second definition ignored
ImGui.lib(imgui.obj) : warning LNK4006: "public: __thiscall ImGuiListClipper::~ImGuiListClipper(void)" (??1ImGuiListClipper@@QAE@XZ) already defined in Media.lib(imgui.obj); second definition ignored
ImGui.lib(imgui.obj) : warning LNK4006: "public: void __thiscall ImGuiListClipper::Begin(int,float)" (?Begin@ImGuiListClipper@@QAEXHM@Z) already defined in Media.lib(imgui.obj); second definition ignored
ImGui.lib(imgui.obj) : warning LNK4006: "public: void __thiscall ImGuiListClipper::End(void)" (?End@ImGuiListClipper@@QAEXXZ) already defined in Media.lib(imgui.obj); second definition ignored
ImGui.lib(imgui.obj) : warning LNK4006: "public: bool __thiscall ImGuiListClipper::Step(void)" (?Step@ImGuiListClipper@@QAE_NXZ) already defined in Media.lib(imgui.obj); second definition ignored
ImGui.lib(imgui.obj) : warning LNK4006: "public: void __thiscall ImGuiListClipper::IncludeItemsByIndex(int,int)" (?IncludeItemsByIndex@ImGuiListClipper@@QAEXHH@Z) already defined in Media.lib(imgui.obj); second definition ignored
ImGui.lib(imgui.obj) : warning LNK4006: "public: void __thiscall ImGuiListClipper::SeekCursorForItem(int)" (?SeekCursorForItem@ImGuiListClipper@@QAEXH@Z) already defined in Media.lib(imgui.obj); second definition ignored
ImGui.lib(imgui.obj) : warning LNK4006: "public: __thiscall ImGuiPlatformIO::ImGuiPlatformIO(void)" (??0ImGuiPlatformIO@@QAE@XZ) already defined in Media.lib(imgui.obj); second definition ignored
ImGui.lib(imgui.obj) : warning LNK4006: "public: void __thiscall ImGuiPlatformIO::ClearPlatformHandlers(void)" (?ClearPlatformHandlers@ImGuiPlatformIO@@QAEXXZ) already defined in Media.lib(imgui.obj); second definition ignored
ImGui.lib(imgui.obj) : warning LNK4006: "public: void __thiscall ImGuiPlatformIO::ClearRendererHandlers(void)" (?ClearRendererHandlers@ImGuiPlatformIO@@QAEXXZ) already defined in Media.lib(imgui.obj); second definition ignored
ImGui.lib(imgui.obj) : warning LNK4006: "void __cdecl ImGui::SetWindowFontScale(float)" (?SetWindowFontScale@ImGui@@YAXM@Z) already defined in Media.lib(imgui.obj); second definition ignored
ImGui.lib(imgui.obj) : warning LNK4006: "struct ImVec2 __cdecl ImGui::GetContentRegionMax(void)" (?GetContentRegionMax@ImGui@@YA?AUImVec2@@XZ) already defined in Media.lib(imgui.obj); second definition ignored
ImGui.lib(imgui.obj) : warning LNK4006: "struct ImVec2 __cdecl ImGui::GetWindowContentRegionMin(void)" (?GetWindowContentRegionMin@ImGui@@YA?AUImVec2@@XZ) already defined in Media.lib(imgui.obj); second definition ignored
ImGui.lib(imgui.obj) : warning LNK4006: "struct ImVec2 __cdecl ImGui::GetWindowContentRegionMax(void)" (?GetWindowContentRegionMax@ImGui@@YA?AUImVec2@@XZ) already defined in Media.lib(imgui.obj); second definition ignored
ImGui.lib(imgui.obj) : warning LNK4006: "unsigned int __cdecl ImHashData(void const *,unsigned int,unsigned int)" (?ImHashData@@YAIPBXII@Z) already defined in Media.lib(imgui.obj); second definition ignored
ImGui.lib(imgui.obj) : warning LNK4006: "unsigned int __cdecl ImHashStr(char const *,unsigned int,unsigned int)" (?ImHashStr@@YAIPBDII@Z) already defined in Media.lib(imgui.obj); second definition ignored
ImGui.lib(imgui.obj) : warning LNK4006: "char const * __cdecl ImHashSkipUncontributingPrefix(char const *)" (?ImHashSkipUncontributingPrefix@@YAPBDPBD@Z) already defined in Media.lib(imgui.obj); second definition ignored
ImGui.lib(imgui.obj) : warning LNK4006: "unsigned int __cdecl ImAlphaBlendColors(unsigned int,unsigned int)" (?ImAlphaBlendColors@@YAIII@Z) already defined in Media.lib(imgui.obj); second definition ignored
ImGui.lib(imgui.obj) : warning LNK4006: "int __cdecl ImStricmp(char const *,char const *)" (?ImStricmp@@YAHPBD0@Z) already defined in Media.lib(imgui.obj); second definition ignored
ImGui.lib(imgui.obj) : warning LNK4006: "int __cdecl ImStrnicmp(char const *,char const *,unsigned int)" (?ImStrnicmp@@YAHPBD0I@Z) already defined in Media.lib(imgui.obj); second definition ignored
ImGui.lib(imgui.obj) : warning LNK4006: "void __cdecl ImStrncpy(char *,char const *,unsigned int)" (?ImStrncpy@@YAXPADPBDI@Z) already defined in Media.lib(imgui.obj); second definition ignored
ImGui.lib(imgui.obj) : warning LNK4006: "char * __cdecl ImStrdup(char const *)" (?ImStrdup@@YAPADPBD@Z) already defined in Media.lib(imgui.obj); second definition ignored
ImGui.lib(imgui.obj) : warning LNK4006: "void * __cdecl ImMemdup(void const *,unsigned int)" (?ImMemdup@@YAPAXPBXI@Z) already defined in Media.lib(imgui.obj); second definition ignored
ImGui.lib(imgui.obj) : warning LNK4006: "char * __cdecl ImStrdupcpy(char *,unsigned int *,char const *)" (?ImStrdupcpy@@YAPADPADPAIPBD@Z) already defined in Media.lib(imgui.obj); second definition ignored
ImGui.lib(imgui.obj) : warning LNK4006: "char const * __cdecl ImStrchrRange(char const *,char const *,char)" (?ImStrchrRange@@YAPBDPBD0D@Z) already defined in Media.lib(imgui.obj); second definition ignored
ImGui.lib(imgui.obj) : warning LNK4006: "char const * __cdecl ImStreolRange(char const *,char const *)" (?ImStreolRange@@YAPBDPBD0@Z) already defined in Media.lib(imgui.obj); second definition ignored
ImGui.lib(imgui.obj) : warning LNK4006: "char const * __cdecl ImStristr(char const *,char const *,char const *,char const *)" (?ImStristr@@YAPBDPBD000@Z) already defined in Media.lib(imgui.obj); second definition ignored
ImGui.lib(imgui.obj) : warning LNK4006: "void __cdecl ImStrTrimBlanks(char *)" (?ImStrTrimBlanks@@YAXPAD@Z) already defined in Media.lib(imgui.obj); second definition ignored
ImGui.lib(imgui.obj) : warning LNK4006: "char const * __cdecl ImStrSkipBlank(char const *)" (?ImStrSkipBlank@@YAPBDPBD@Z) already defined in Media.lib(imgui.obj); second definition ignored
ImGui.lib(imgui.obj) : warning LNK4006: "int __cdecl ImStrlenW(unsigned short const *)" (?ImStrlenW@@YAHPBG@Z) already defined in Media.lib(imgui.obj); second definition ignored
ImGui.lib(imgui.obj) : warning LNK4006: "char const * __cdecl ImStrbol(char const *,char const *)" (?ImStrbol@@YAPBDPBD0@Z) already defined in Media.lib(imgui.obj); second definition ignored
ImGui.lib(imgui.obj) : warning LNK4006: "int __cdecl ImFormatString(char *,unsigned int,char const *,...)" (?ImFormatString@@YAHPADIPBDZZ) already defined in Media.lib(imgui.obj); second definition ignored
ImGui.lib(imgui.obj) : warning LNK4006: "int __cdecl ImFormatStringV(char *,unsigned int,char const *,char *)" (?ImFormatStringV@@YAHPADIPBD0@Z) already defined in Media.lib(imgui.obj); second definition ignored
ImGui.lib(imgui.obj) : warning LNK4006: "void __cdecl ImFormatStringToTempBuffer(char const * *,char const * *,char const *,...)" (?ImFormatStringToTempBuffer@@YAXPAPBD0PBDZZ) already defined in Media.lib(imgui.obj); second definition ignored
ImGui.lib(imgui.obj) : warning LNK4006: "void __cdecl ImFormatStringToTempBufferV(char const * *,char const * *,char const *,char *)" (?ImFormatStringToTempBufferV@@YAXPAPBD0PBDPAD@Z) already defined in Media.lib(imgui.obj); second definition ignored
ImGui.lib(imgui.obj) : warning LNK4006: "int __cdecl ImTextCharToUtf8(char * const,unsigned int)" (?ImTextCharToUtf8@@YAHQADI@Z) already defined in Media.lib(imgui.obj); second definition ignored
ImGui.lib(imgui.obj) : warning LNK4006: "int __cdecl ImTextStrToUtf8(char *,int,unsigned short const *,unsigned short const *)" (?ImTextStrToUtf8@@YAHPADHPBG1@Z) already defined in Media.lib(imgui.obj); second definition ignored
ImGui.lib(imgui.obj) : warning LNK4006: "int __cdecl ImTextCharFromUtf8(unsigned int *,char const *,char const *)" (?ImTextCharFromUtf8@@YAHPAIPBD1@Z) already defined in Media.lib(imgui.obj); second definition ignored
ImGui.lib(imgui.obj) : warning LNK4006: "int __cdecl ImTextStrFromUtf8(unsigned short *,int,char const *,char const *,char const * *)" (?ImTextStrFromUtf8@@YAHPAGHPBD1PAPBD@Z) already defined in Media.lib(imgui.obj); second definition ignored
ImGui.lib(imgui.obj) : warning LNK4006: "int __cdecl ImTextCountCharsFromUtf8(char const *,char const *)" (?ImTextCountCharsFromUtf8@@YAHPBD0@Z) already defined in Media.lib(imgui.obj); second definition ignored
ImGui.lib(imgui.obj) : warning LNK4006: "int __cdecl ImTextCountUtf8BytesFromChar(char const *,char const *)" (?ImTextCountUtf8BytesFromChar@@YAHPBD0@Z) already defined in Media.lib(imgui.obj); second definition ignored
ImGui.lib(imgui.obj) : warning LNK4006: "int __cdecl ImTextCountUtf8BytesFromStr(unsigned short const *,unsigned short const *)" (?ImTextCountUtf8BytesFromStr@@YAHPBG0@Z) already defined in Media.lib(imgui.obj); second definition ignored
ImGui.lib(imgui.obj) : warning LNK4006: "char const * __cdecl ImTextFindPreviousUtf8Codepoint(char const *,char const *)" (?ImTextFindPreviousUtf8Codepoint@@YAPBDPBD0@Z) already defined in Media.lib(imgui.obj); second definition ignored
ImGui.lib(imgui.obj) : warning LNK4006: "char const * __cdecl ImTextFindValidUtf8CodepointEnd(char const *,char const *,char const *)" (?ImTextFindValidUtf8CodepointEnd@@YAPBDPBD00@Z) already defined in Media.lib(imgui.obj); second definition ignored
ImGui.lib(imgui.obj) : warning LNK4006: "int __cdecl ImTextCountLines(char const *,char const *)" (?ImTextCountLines@@YAHPBD0@Z) already defined in Media.lib(imgui.obj); second definition ignored
ImGui.lib(imgui.obj) : warning LNK4006: "struct _iobuf * __cdecl ImFileOpen(char const *,char const *)" (?ImFileOpen@@YAPAU_iobuf@@PBD0@Z) already defined in Media.lib(imgui.obj); second definition ignored
ImGui.lib(imgui.obj) : warning LNK4006: "bool __cdecl ImFileClose(struct _iobuf *)" (?ImFileClose@@YA_NPAU_iobuf@@@Z) already defined in Media.lib(imgui.obj); second definition ignored
ImGui.lib(imgui.obj) : warning LNK4006: "unsigned __int64 __cdecl ImFileGetSize(struct _iobuf *)" (?ImFileGetSize@@YA_KPAU_iobuf@@@Z) already defined in Media.lib(imgui.obj); second definition ignored
ImGui.lib(imgui.obj) : warning LNK4006: "unsigned __int64 __cdecl ImFileRead(void *,unsigned __int64,unsigned __int64,struct _iobuf *)" (?ImFileRead@@YA_KPAX_K1PAU_iobuf@@@Z) already defined in Media.lib(imgui.obj); second definition ignored
ImGui.lib(imgui.obj) : warning LNK4006: "unsigned __int64 __cdecl ImFileWrite(void const *,unsigned __int64,unsigned __int64,struct _iobuf *)" (?ImFileWrite@@YA_KPBX_K1PAU_iobuf@@@Z) already defined in Media.lib(imgui.obj); second definition ignored
ImGui.lib(imgui.obj) : warning LNK4006: "void * __cdecl ImFileLoadToMemory(char const *,char const *,unsigned int *,int)" (?ImFileLoadToMemory@@YAPAXPBD0PAIH@Z) already defined in Media.lib(imgui.obj); second definition ignored
ImGui.lib(imgui.obj) : warning LNK4006: "struct ImVec2 __cdecl ImBezierCubicClosestPoint(struct ImVec2 const &,struct ImVec2 const &,struct ImVec2 const &,struct ImVec2 const &,struct ImVec2 const &,int)" (?ImBezierCubicClosestPoint@@YA?AUImVec2@@ABU1@0000H@Z) already defined in Media.lib(imgui.obj); second definition ignored
ImGui.lib(imgui.obj) : warning LNK4006: "struct ImVec2 __cdecl ImBezierCubicClosestPointCasteljau(struct ImVec2 const &,struct ImVec2 const &,struct ImVec2 const &,struct ImVec2 const &,struct ImVec2 const &,float)" (?ImBezierCubicClosestPointCasteljau@@YA?AUImVec2@@ABU1@0000M@Z) already defined in Media.lib(imgui.obj); second definition ignored
ImGui.lib(imgui.obj) : warning LNK4006: "struct ImVec2 __cdecl ImLineClosestPoint(struct ImVec2 const &,struct ImVec2 const &,struct ImVec2 const &)" (?ImLineClosestPoint@@YA?AUImVec2@@ABU1@00@Z) already defined in Media.lib(imgui.obj); second definition ignored
ImGui.lib(imgui.obj) : warning LNK4006: "bool __cdecl ImTriangleContainsPoint(struct ImVec2 const &,struct ImVec2 const &,struct ImVec2 const &,struct ImVec2 const &)" (?ImTriangleContainsPoint@@YA_NABUImVec2@@000@Z) already defined in Media.lib(imgui.obj); second definition ignored
ImGui.lib(imgui.obj) : warning LNK4006: "struct ImVec2 __cdecl ImTriangleClosestPoint(struct ImVec2 const &,struct ImVec2 const &,struct ImVec2 const &,struct ImVec2 const &)" (?ImTriangleClosestPoint@@YA?AUImVec2@@ABU1@000@Z) already defined in Media.lib(imgui.obj); second definition ignored
ImGui.lib(imgui.obj) : warning LNK4006: "void __cdecl ImTriangleBarycentricCoords(struct ImVec2 const &,struct ImVec2 const &,struct ImVec2 const &,struct ImVec2 const &,float &,float &,float &)" (?ImTriangleBarycentricCoords@@YAXABUImVec2@@000AAM11@Z) already defined in Media.lib(imgui.obj); second definition ignored
ImGui.lib(imgui.obj) : warning LNK4006: "public: void __thiscall ImGuiTextIndex::append(char const *,int,int)" (?append@ImGuiTextIndex@@QAEXPBDHH@Z) already defined in Media.lib(imgui.obj); second definition ignored
ImGui.lib(imgui.obj) : warning LNK4006: "struct ImGuiStoragePair * __cdecl ImLowerBound(struct ImGuiStoragePair *,struct ImGuiStoragePair *,unsigned int)" (?ImLowerBound@@YAPAUImGuiStoragePair@@PAU1@0I@Z) already defined in Media.lib(imgui.obj); second definition ignored
ImGui.lib(imgui.obj) : warning LNK4006: "public: __thiscall ImGuiDockNode::ImGuiDockNode(unsigned int)" (??0ImGuiDockNode@@QAE@I@Z) already defined in Media.lib(imgui.obj); second definition ignored
ImGui.lib(imgui.obj) : warning LNK4006: "public: __thiscall ImGuiDockNode::~ImGuiDockNode(void)" (??1ImGuiDockNode@@QAE@XZ) already defined in Media.lib(imgui.obj); second definition ignored
ImGui.lib(imgui.obj) : warning LNK4006: "public: __thiscall ImGuiContext::ImGuiContext(struct ImFontAtlas *)" (??0ImGuiContext@@QAE@PAUImFontAtlas@@@Z) already defined in Media.lib(imgui.obj); second definition ignored
ImGui.lib(imgui.obj) : warning LNK4006: "public: __thiscall ImGuiContext::~ImGuiContext(void)" (??1ImGuiContext@@QAE@XZ) already defined in Media.lib(imgui.obj); second definition ignored
ImGui.lib(imgui.obj) : warning LNK4006: "public: __thiscall ImGuiWindow::ImGuiWindow(struct ImGuiContext *,char const *)" (??0ImGuiWindow@@QAE@PAUImGuiContext@@PBD@Z) already defined in Media.lib(imgui.obj); second definition ignored
ImGui.lib(imgui.obj) : warning LNK4006: "public: __thiscall ImGuiWindow::~ImGuiWindow(void)" (??1ImGuiWindow@@QAE@XZ) already defined in Media.lib(imgui.obj); second definition ignored
ImGui.lib(imgui.obj) : warning LNK4006: "public: unsigned int __thiscall ImGuiWindow::GetID(char const *,char const *)" (?GetID@ImGuiWindow@@QAEIPBD0@Z) already defined in Media.lib(imgui.obj); second definition ignored
ImGui.lib(imgui.obj) : warning LNK4006: "public: unsigned int __thiscall ImGuiWindow::GetID(void const *)" (?GetID@ImGuiWindow@@QAEIPBX@Z) already defined in Media.lib(imgui.obj); second definition ignored
ImGui.lib(imgui.obj) : warning LNK4006: "public: unsigned int __thiscall ImGuiWindow::GetID(int)" (?GetID@ImGuiWindow@@QAEIH@Z) already defined in Media.lib(imgui.obj); second definition ignored
ImGui.lib(imgui.obj) : warning LNK4006: "public: unsigned int __thiscall ImGuiWindow::GetIDFromPos(struct ImVec2 const &)" (?GetIDFromPos@ImGuiWindow@@QAEIABUImVec2@@@Z) already defined in Media.lib(imgui.obj); second definition ignored
ImGui.lib(imgui.obj) : warning LNK4006: "public: unsigned int __thiscall ImGuiWindow::GetIDFromRectangle(struct ImRect const &)" (?GetIDFromRectangle@ImGuiWindow@@QAEIABUImRect@@@Z) already defined in Media.lib(imgui.obj); second definition ignored
ImGui.lib(imgui.obj) : warning LNK4006: "struct ImGuiIO & __cdecl ImGui::GetIO(struct ImGuiContext *)" (?GetIO@ImGui@@YAAAUImGuiIO@@PAUImGuiContext@@@Z) already defined in Media.lib(imgui.obj); second definition ignored
ImGui.lib(imgui.obj) : warning LNK4006: "struct ImGuiPlatformIO & __cdecl ImGui::GetPlatformIO(struct ImGuiContext *)" (?GetPlatformIO@ImGui@@YAAAUImGuiPlatformIO@@PAUImGuiContext@@@Z) already defined in Media.lib(imgui.obj); second definition ignored
ImGui.lib(imgui.obj) : warning LNK4006: "struct ImGuiWindow * __cdecl ImGui::FindWindowByID(unsigned int)" (?FindWindowByID@ImGui@@YAPAUImGuiWindow@@I@Z) already defined in Media.lib(imgui.obj); second definition ignored
ImGui.lib(imgui.obj) : warning LNK4006: "struct ImGuiWindow * __cdecl ImGui::FindWindowByName(char const *)" (?FindWindowByName@ImGui@@YAPAUImGuiWindow@@PBD@Z) already defined in Media.lib(imgui.obj); second definition ignored
ImGui.lib(imgui.obj) : warning LNK4006: "void __cdecl ImGui::UpdateWindowParentAndRootLinks(struct ImGuiWindow *,int,struct ImGuiWindow *)" (?UpdateWindowParentAndRootLinks@ImGui@@YAXPAUImGuiWindow@@H0@Z) already defined in Media.lib(imgui.obj); second definition ignored
ImGui.lib(imgui.obj) : warning LNK4006: "void __cdecl ImGui::UpdateWindowSkipRefresh(struct ImGuiWindow *)" (?UpdateWindowSkipRefresh@ImGui@@YAXPAUImGuiWindow@@@Z) already defined in Media.lib(imgui.obj); second definition ignored
ImGui.lib(imgui.obj) : warning LNK4006: "struct ImVec2 __cdecl ImGui::CalcWindowNextAutoFitSize(struct ImGuiWindow *)" (?CalcWindowNextAutoFitSize@ImGui@@YA?AUImVec2@@PAUImGuiWindow@@@Z) already defined in Media.lib(imgui.obj); second definition ignored
ImGui.lib(imgui.obj) : warning LNK4006: "bool __cdecl ImGui::IsWindowChildOf(struct ImGuiWindow *,struct ImGuiWindow *,bool,bool)" (?IsWindowChildOf@ImGui@@YA_NPAUImGuiWindow@@0_N1@Z) already defined in Media.lib(imgui.obj); second definition ignored
ImGui.lib(imgui.obj) : warning LNK4006: "bool __cdecl ImGui::IsWindowInBeginStack(struct ImGuiWindow *)" (?IsWindowInBeginStack@ImGui@@YA_NPAUImGuiWindow@@@Z) already defined in Media.lib(imgui.obj); second definition ignored
ImGui.lib(imgui.obj) : warning LNK4006: "bool __cdecl ImGui::IsWindowWithinBeginStackOf(struct ImGuiWindow *,struct ImGuiWindow *)" (?IsWindowWithinBeginStackOf@ImGui@@YA_NPAUImGuiWindow@@0@Z) already defined in Media.lib(imgui.obj); second definition ignored
ImGui.lib(imgui.obj) : warning LNK4006: "bool __cdecl ImGui::IsWindowAbove(struct ImGuiWindow *,struct ImGuiWindow *)" (?IsWindowAbove@ImGui@@YA_NPAUImGuiWindow@@0@Z) already defined in Media.lib(imgui.obj); second definition ignored
ImGui.lib(imgui.obj) : warning LNK4006: "bool __cdecl ImGui::IsWindowNavFocusable(struct ImGuiWindow *)" (?IsWindowNavFocusable@ImGui@@YA_NPAUImGuiWindow@@@Z) already defined in Media.lib(imgui.obj); second definition ignored
ImGui.lib(imgui.obj) : warning LNK4006: "void __cdecl ImGui::SetWindowPos(struct ImGuiWindow *,struct ImVec2 const &,int)" (?SetWindowPos@ImGui@@YAXPAUImGuiWindow@@ABUImVec2@@H@Z) already defined in Media.lib(imgui.obj); second definition ignored
ImGui.lib(imgui.obj) : warning LNK4006: "void __cdecl ImGui::SetWindowSize(struct ImGuiWindow *,struct ImVec2 const &,int)" (?SetWindowSize@ImGui@@YAXPAUImGuiWindow@@ABUImVec2@@H@Z) already defined in Media.lib(imgui.obj); second definition ignored
ImGui.lib(imgui.obj) : warning LNK4006: "void __cdecl ImGui::SetWindowCollapsed(struct ImGuiWindow *,bool,int)" (?SetWindowCollapsed@ImGui@@YAXPAUImGuiWindow@@_NH@Z) already defined in Media.lib(imgui.obj); second definition ignored
ImGui.lib(imgui.obj) : warning LNK4006: "void __cdecl ImGui::SetWindowHitTestHole(struct ImGuiWindow *,struct ImVec2 const &,struct ImVec2 const &)" (?SetWindowHitTestHole@ImGui@@YAXPAUImGuiWindow@@ABUImVec2@@1@Z) already defined in Media.lib(imgui.obj); second definition ignored
ImGui.lib(imgui.obj) : warning LNK4006: "void __cdecl ImGui::SetWindowHiddenAndSkipItemsForCurrentFrame(struct ImGuiWindow *)" (?SetWindowHiddenAndSkipItemsForCurrentFrame@ImGui@@YAXPAUImGuiWindow@@@Z) already defined in Media.lib(imgui.obj); second definition ignored
ImGui.lib(imgui.obj) : warning LNK4006: "void __cdecl ImGui::FocusWindow(struct ImGuiWindow *,int)" (?FocusWindow@ImGui@@YAXPAUImGuiWindow@@H@Z) already defined in Media.lib(imgui.obj); second definition ignored
ImGui.lib(imgui.obj) : warning LNK4006: "void __cdecl ImGui::FocusTopMostWindowUnderOne(struct ImGuiWindow *,struct ImGuiWindow *,struct ImGuiViewport *,int)" (?FocusTopMostWindowUnderOne@ImGui@@YAXPAUImGuiWindow@@0PAUImGuiViewport@@H@Z) already defined in Media.lib(imgui.obj); second definition ignored
ImGui.lib(imgui.obj) : warning LNK4006: "void __cdecl ImGui::BringWindowToFocusFront(struct ImGuiWindow *)" (?BringWindowToFocusFront@ImGui@@YAXPAUImGuiWindow@@@Z) already defined in Media.lib(imgui.obj); second definition ignored
ImGui.lib(imgui.obj) : warning LNK4006: "void __cdecl ImGui::BringWindowToDisplayFront(struct ImGuiWindow *)" (?BringWindowToDisplayFront@ImGui@@YAXPAUImGuiWindow@@@Z) already defined in Media.lib(imgui.obj); second definition ignored
ImGui.lib(imgui.obj) : warning LNK4006: "void __cdecl ImGui::BringWindowToDisplayBack(struct ImGuiWindow *)" (?BringWindowToDisplayBack@ImGui@@YAXPAUImGuiWindow@@@Z) already defined in Media.lib(imgui.obj); second definition ignored
ImGui.lib(imgui.obj) : warning LNK4006: "void __cdecl ImGui::BringWindowToDisplayBehind(struct ImGuiWindow *,struct ImGuiWindow *)" (?BringWindowToDisplayBehind@ImGui@@YAXPAUImGuiWindow@@0@Z) already defined in Media.lib(imgui.obj); second definition ignored
ImGui.lib(imgui.obj) : warning LNK4006: "int __cdecl ImGui::FindWindowDisplayIndex(struct ImGuiWindow *)" (?FindWindowDisplayIndex@ImGui@@YAHPAUImGuiWindow@@@Z) already defined in Media.lib(imgui.obj); second definition ignored
ImGui.lib(imgui.obj) : warning LNK4006: "struct ImGuiWindow * __cdecl ImGui::FindBottomMostVisibleWindowWithinBeginStack(struct ImGuiWindow *)" (?FindBottomMostVisibleWindowWithinBeginStack@ImGui@@YAPAUImGuiWindow@@PAU2@@Z) already defined in Media.lib(imgui.obj); second definition ignored
ImGui.lib(imgui.obj) : warning LNK4006: "void __cdecl ImGui::SetNextWindowRefreshPolicy(int)" (?SetNextWindowRefreshPolicy@ImGui@@YAXH@Z) already defined in Media.lib(imgui.obj); second definition ignored
ImGui.lib(imgui.obj) : warning LNK4006: "void __cdecl ImGui::RegisterUserTexture(struct ImTextureData *)" (?RegisterUserTexture@ImGui@@YAXPAUImTextureData@@@Z) already defined in Media.lib(imgui.obj); second definition ignored
ImGui.lib(imgui.obj) : warning LNK4006: "void __cdecl ImGui::UnregisterUserTexture(struct ImTextureData *)" (?UnregisterUserTexture@ImGui@@YAXPAUImTextureData@@@Z) already defined in Media.lib(imgui.obj); second definition ignored
ImGui.lib(imgui.obj) : warning LNK4006: "void __cdecl ImGui::RegisterFontAtlas(struct ImFontAtlas *)" (?RegisterFontAtlas@ImGui@@YAXPAUImFontAtlas@@@Z) already defined in Media.lib(imgui.obj); second definition ignored
ImGui.lib(imgui.obj) : warning LNK4006: "void __cdecl ImGui::UnregisterFontAtlas(struct ImFontAtlas *)" (?UnregisterFontAtlas@ImGui@@YAXPAUImFontAtlas@@@Z) already defined in Media.lib(imgui.obj); second definition ignored
ImGui.lib(imgui.obj) : warning LNK4006: "void __cdecl ImGui::SetCurrentFont(struct ImFont *,float,float)" (?SetCurrentFont@ImGui@@YAXPAUImFont@@MM@Z) already defined in Media.lib(imgui.obj); second definition ignored
ImGui.lib(imgui.obj) : warning LNK4006: "void __cdecl ImGui::UpdateCurrentFontSize(float)" (?UpdateCurrentFontSize@ImGui@@YAXM@Z) already defined in Media.lib(imgui.obj); second definition ignored
ImGui.lib(imgui.obj) : warning LNK4006: "void __cdecl ImGui::SetFontRasterizerDensity(float)" (?SetFontRasterizerDensity@ImGui@@YAXM@Z) already defined in Media.lib(imgui.obj); second definition ignored
ImGui.lib(imgui.obj) : warning LNK4006: "struct ImFont * __cdecl ImGui::GetDefaultFont(void)" (?GetDefaultFont@ImGui@@YAPAUImFont@@XZ) already defined in Media.lib(imgui.obj); second definition ignored
ImGui.lib(imgui.obj) : warning LNK4006: "void __cdecl ImGui::Initialize(void)" (?Initialize@ImGui@@YAXXZ) already defined in Media.lib(imgui.obj); second definition ignored
ImGui.lib(imgui.obj) : warning LNK4006: "void __cdecl ImGui::Shutdown(void)" (?Shutdown@ImGui@@YAXXZ) already defined in Media.lib(imgui.obj); second definition ignored
ImGui.lib(imgui.obj) : warning LNK4006: "void __cdecl ImGui::SetContextName(struct ImGuiContext *,char const *)" (?SetContextName@ImGui@@YAXPAUImGuiContext@@PBD@Z) already defined in Media.lib(imgui.obj); second definition ignored
ImGui.lib(imgui.obj) : warning LNK4006: "unsigned int __cdecl ImGui::AddContextHook(struct ImGuiContext *,struct ImGuiContextHook const *)" (?AddContextHook@ImGui@@YAIPAUImGuiContext@@PBUImGuiContextHook@@@Z) already defined in Media.lib(imgui.obj); second definition ignored
ImGui.lib(imgui.obj) : warning LNK4006: "void __cdecl ImGui::RemoveContextHook(struct ImGuiContext *,unsigned int)" (?RemoveContextHook@ImGui@@YAXPAUImGuiContext@@I@Z) already defined in Media.lib(imgui.obj); second definition ignored
ImGui.lib(imgui.obj) : warning LNK4006: "void __cdecl ImGui::CallContextHooks(struct ImGuiContext *,enum ImGuiContextHookType)" (?CallContextHooks@ImGui@@YAXPAUImGuiContext@@W4ImGuiContextHookType@@@Z) already defined in Media.lib(imgui.obj); second definition ignored
ImGui.lib(imgui.obj) : warning LNK4006: "void __cdecl ImGui::UpdateInputEvents(bool)" (?UpdateInputEvents@ImGui@@YAX_N@Z) already defined in Media.lib(imgui.obj); second definition ignored
ImGui.lib(imgui.obj) : warning LNK4006: "void __cdecl ImGui::UpdateHoveredWindowAndCaptureFlags(struct ImVec2 const &)" (?UpdateHoveredWindowAndCaptureFlags@ImGui@@YAXABUImVec2@@@Z) already defined in Media.lib(imgui.obj); second definition ignored
ImGui.lib(imgui.obj) : warning LNK4006: "void __cdecl ImGui::FindHoveredWindowEx(struct ImVec2 const &,bool,struct ImGuiWindow * *,struct ImGuiWindow * *)" (?FindHoveredWindowEx@ImGui@@YAXABUImVec2@@_NPAPAUImGuiWindow@@2@Z) already defined in Media.lib(imgui.obj); second definition ignored
ImGui.lib(imgui.obj) : warning LNK4006: "void __cdecl ImGui::StartMouseMovingWindow(struct ImGuiWindow *)" (?StartMouseMovingWindow@ImGui@@YAXPAUImGuiWindow@@@Z) already defined in Media.lib(imgui.obj); second definition ignored
ImGui.lib(imgui.obj) : warning LNK4006: "void __cdecl ImGui::StartMouseMovingWindowOrNode(struct ImGuiWindow *,struct ImGuiDockNode *,bool)" (?StartMouseMovingWindowOrNode@ImGui@@YAXPAUImGuiWindow@@PAUImGuiDockNode@@_N@Z) already defined in Media.lib(imgui.obj); second definition ignored
ImGui.lib(imgui.obj) : warning LNK4006: "void __cdecl ImGui::StopMouseMovingWindow(void)" (?StopMouseMovingWindow@ImGui@@YAXXZ) already defined in Media.lib(imgui.obj); second definition ignored
ImGui.lib(imgui.obj) : warning LNK4006: "void __cdecl ImGui::UpdateMouseMovingWindowNewFrame(void)" (?UpdateMouseMovingWindowNewFrame@ImGui@@YAXXZ) already defined in Media.lib(imgui.obj); second definition ignored
ImGui.lib(imgui.obj) : warning LNK4006: "void __cdecl ImGui::UpdateMouseMovingWindowEndFrame(void)" (?UpdateMouseMovingWindowEndFrame@ImGui@@YAXXZ) already defined in Media.lib(imgui.obj); second definition ignored
ImGui.lib(imgui.obj) : warning LNK4006: "void __cdecl ImGui::TranslateWindowsInViewport(struct ImGuiViewportP *,struct ImVec2 const &,struct ImVec2 const &,struct ImVec2 const &,struct ImVec2 const &)" (?TranslateWindowsInViewport@ImGui@@YAXPAUImGuiViewportP@@ABUImVec2@@111@Z) already defined in Media.lib(imgui.obj); second definition ignored
ImGui.lib(imgui.obj) : warning LNK4006: "void __cdecl ImGui::ScaleWindowsInViewport(struct ImGuiViewportP *,float)" (?ScaleWindowsInViewport@ImGui@@YAXPAUImGuiViewportP@@M@Z) already defined in Media.lib(imgui.obj); second definition ignored
ImGui.lib(imgui.obj) : warning LNK4006: "void __cdecl ImGui::DestroyPlatformWindow(struct ImGuiViewportP *)" (?DestroyPlatformWindow@ImGui@@YAXPAUImGuiViewportP@@@Z) already defined in Media.lib(imgui.obj); second definition ignored
ImGui.lib(imgui.obj) : warning LNK4006: "void __cdecl ImGui::SetWindowViewport(struct ImGuiWindow *,struct ImGuiViewportP *)" (?SetWindowViewport@ImGui@@YAXPAUImGuiWindow@@PAUImGuiViewportP@@@Z) already defined in Media.lib(imgui.obj); second definition ignored
ImGui.lib(imgui.obj) : warning LNK4006: "void __cdecl ImGui::SetCurrentViewport(struct ImGuiWindow *,struct ImGuiViewportP *)" (?SetCurrentViewport@ImGui@@YAXPAUImGuiWindow@@PAUImGuiViewportP@@@Z) already defined in Media.lib(imgui.obj); second definition ignored
ImGui.lib(imgui.obj) : warning LNK4006: "struct ImGuiPlatformMonitor const * __cdecl ImGui::GetViewportPlatformMonitor(struct ImGuiViewport *)" (?GetViewportPlatformMonitor@ImGui@@YAPBUImGuiPlatformMonitor@@PAUImGuiViewport@@@Z) already defined in Media.lib(imgui.obj); second definition ignored
ImGui.lib(imgui.obj) : warning LNK4006: "struct ImGuiViewportP * __cdecl ImGui::FindHoveredViewportFromPlatformWindowStack(struct ImVec2 const &)" (?FindHoveredViewportFromPlatformWindowStack@ImGui@@YAPAUImGuiViewportP@@ABUImVec2@@@Z) already defined in Media.lib(imgui.obj); second definition ignored
ImGui.lib(imgui.obj) : warning LNK4006: "void __cdecl ImGui::MarkIniSettingsDirty(void)" (?MarkIniSettingsDirty@ImGui@@YAXXZ) already defined in Media.lib(imgui.obj); second definition ignored
ImGui.lib(imgui.obj) : warning LNK4006: "void __cdecl ImGui::MarkIniSettingsDirty(struct ImGuiWindow *)" (?MarkIniSettingsDirty@ImGui@@YAXPAUImGuiWindow@@@Z) already defined in Media.lib(imgui.obj); second definition ignored
ImGui.lib(imgui.obj) : warning LNK4006: "void __cdecl ImGui::ClearIniSettings(void)" (?ClearIniSettings@ImGui@@YAXXZ) already defined in Media.lib(imgui.obj); second definition ignored
ImGui.lib(imgui.obj) : warning LNK4006: "void __cdecl ImGui::AddSettingsHandler(struct ImGuiSettingsHandler const *)" (?AddSettingsHandler@ImGui@@YAXPBUImGuiSettingsHandler@@@Z) already defined in Media.lib(imgui.obj); second definition ignored
ImGui.lib(imgui.obj) : warning LNK4006: "void __cdecl ImGui::RemoveSettingsHandler(char const *)" (?RemoveSettingsHandler@ImGui@@YAXPBD@Z) already defined in Media.lib(imgui.obj); second definition ignored
ImGui.lib(imgui.obj) : warning LNK4006: "struct ImGuiSettingsHandler * __cdecl ImGui::FindSettingsHandler(char const *)" (?FindSettingsHandler@ImGui@@YAPAUImGuiSettingsHandler@@PBD@Z) already defined in Media.lib(imgui.obj); second definition ignored
ImGui.lib(imgui.obj) : warning LNK4006: "struct ImGuiWindowSettings * __cdecl ImGui::CreateNewWindowSettings(char const *)" (?CreateNewWindowSettings@ImGui@@YAPAUImGuiWindowSettings@@PBD@Z) already defined in Media.lib(imgui.obj); second definition ignored
ImGui.lib(imgui.obj) : warning LNK4006: "struct ImGuiWindowSettings * __cdecl ImGui::FindWindowSettingsByID(unsigned int)" (?FindWindowSettingsByID@ImGui@@YAPAUImGuiWindowSettings@@I@Z) already defined in Media.lib(imgui.obj); second definition ignored
ImGui.lib(imgui.obj) : warning LNK4006: "struct ImGuiWindowSettings * __cdecl ImGui::FindWindowSettingsByWindow(struct ImGuiWindow *)" (?FindWindowSettingsByWindow@ImGui@@YAPAUImGuiWindowSettings@@PAUImGuiWindow@@@Z) already defined in Media.lib(imgui.obj); second definition ignored
ImGui.lib(imgui.obj) : warning LNK4006: "void __cdecl ImGui::ClearWindowSettings(char const *)" (?ClearWindowSettings@ImGui@@YAXPBD@Z) already defined in Media.lib(imgui.obj); second definition ignored
ImGui.lib(imgui.obj) : warning LNK4006: "void __cdecl ImGui::LocalizeRegisterEntries(struct ImGuiLocEntry const *,int)" (?LocalizeRegisterEntries@ImGui@@YAXPBUImGuiLocEntry@@H@Z) already defined in Media.lib(imgui.obj); second definition ignored
ImGui.lib(imgui.obj) : warning LNK4006: "void __cdecl ImGui::SetScrollX(struct ImGuiWindow *,float)" (?SetScrollX@ImGui@@YAXPAUImGuiWindow@@M@Z) already defined in Media.lib(imgui.obj); second definition ignored
ImGui.lib(imgui.obj) : warning LNK4006: "void __cdecl ImGui::SetScrollY(struct ImGuiWindow *,float)" (?SetScrollY@ImGui@@YAXPAUImGuiWindow@@M@Z) already defined in Media.lib(imgui.obj); second definition ignored
ImGui.lib(imgui.obj) : warning LNK4006: "void __cdecl ImGui::SetScrollFromPosX(struct ImGuiWindow *,float,float)" (?SetScrollFromPosX@ImGui@@YAXPAUImGuiWindow@@MM@Z) already defined in Media.lib(imgui.obj); second definition ignored
ImGui.lib(imgui.obj) : warning LNK4006: "void __cdecl ImGui::SetScrollFromPosY(struct ImGuiWindow *,float,float)" (?SetScrollFromPosY@ImGui@@YAXPAUImGuiWindow@@MM@Z) already defined in Media.lib(imgui.obj); second definition ignored
ImGui.lib(imgui.obj) : warning LNK4006: "void __cdecl ImGui::ScrollToItem(int)" (?ScrollToItem@ImGui@@YAXH@Z) already defined in Media.lib(imgui.obj); second definition ignored
ImGui.lib(imgui.obj) : warning LNK4006: "void __cdecl ImGui::ScrollToRect(struct ImGuiWindow *,struct ImRect const &,int)" (?ScrollToRect@ImGui@@YAXPAUImGuiWindow@@ABUImRect@@H@Z) already defined in Media.lib(imgui.obj); second definition ignored
ImGui.lib(imgui.obj) : warning LNK4006: "struct ImVec2 __cdecl ImGui::ScrollToRectEx(struct ImGuiWindow *,struct ImRect const &,int)" (?ScrollToRectEx@ImGui@@YA?AUImVec2@@PAUImGuiWindow@@ABUImRect@@H@Z) already defined in Media.lib(imgui.obj); second definition ignored
ImGui.lib(imgui.obj) : warning LNK4006: "void __cdecl ImGui::SetActiveID(unsigned int,struct ImGuiWindow *)" (?SetActiveID@ImGui@@YAXIPAUImGuiWindow@@@Z) already defined in Media.lib(imgui.obj); second definition ignored
ImGui.lib(imgui.obj) : warning LNK4006: "void __cdecl ImGui::SetFocusID(unsigned int,struct ImGuiWindow *)" (?SetFocusID@ImGui@@YAXIPAUImGuiWindow@@@Z) already defined in Media.lib(imgui.obj); second definition ignored
ImGui.lib(imgui.obj) : warning LNK4006: "void __cdecl ImGui::ClearActiveID(void)" (?ClearActiveID@ImGui@@YAXXZ) already defined in Media.lib(imgui.obj); second definition ignored
ImGui.lib(imgui.obj) : warning LNK4006: "unsigned int __cdecl ImGui::GetHoveredID(void)" (?GetHoveredID@ImGui@@YAIXZ) already defined in Media.lib(imgui.obj); second definition ignored
ImGui.lib(imgui.obj) : warning LNK4006: "void __cdecl ImGui::SetHoveredID(unsigned int)" (?SetHoveredID@ImGui@@YAXI@Z) already defined in Media.lib(imgui.obj); second definition ignored
ImGui.lib(imgui.obj) : warning LNK4006: "void __cdecl ImGui::KeepAliveID(unsigned int)" (?KeepAliveID@ImGui@@YAXI@Z) already defined in Media.lib(imgui.obj); second definition ignored
ImGui.lib(imgui.obj) : warning LNK4006: "void __cdecl ImGui::MarkItemEdited(unsigned int)" (?MarkItemEdited@ImGui@@YAXI@Z) already defined in Media.lib(imgui.obj); second definition ignored
ImGui.lib(imgui.obj) : warning LNK4006: "void __cdecl ImGui::PushOverrideID(unsigned int)" (?PushOverrideID@ImGui@@YAXI@Z) already defined in Media.lib(imgui.obj); second definition ignored
ImGui.lib(imgui.obj) : warning LNK4006: "unsigned int __cdecl ImGui::GetIDWithSeed(char const *,char const *,unsigned int)" (?GetIDWithSeed@ImGui@@YAIPBD0I@Z) already defined in Media.lib(imgui.obj); second definition ignored
ImGui.lib(imgui.obj) : warning LNK4006: "unsigned int __cdecl ImGui::GetIDWithSeed(int,unsigned int)" (?GetIDWithSeed@ImGui@@YAIHI@Z) already defined in Media.lib(imgui.obj); second definition ignored
ImGui.lib(imgui.obj) : warning LNK4006: "void __cdecl ImGui::ItemSize(struct ImVec2 const &,float)" (?ItemSize@ImGui@@YAXABUImVec2@@M@Z) already defined in Media.lib(imgui.obj); second definition ignored
ImGui.lib(imgui.obj) : warning LNK4006: "bool __cdecl ImGui::ItemAdd(struct ImRect const &,unsigned int,struct ImRect const *,int)" (?ItemAdd@ImGui@@YA_NABUImRect@@IPBU2@H@Z) already defined in Media.lib(imgui.obj); second definition ignored
ImGui.lib(imgui.obj) : warning LNK4006: "bool __cdecl ImGui::ItemHoverable(struct ImRect const &,unsigned int,int)" (?ItemHoverable@ImGui@@YA_NABUImRect@@IH@Z) already defined in Media.lib(imgui.obj); second definition ignored
ImGui.lib(imgui.obj) : warning LNK4006: "bool __cdecl ImGui::IsWindowContentHoverable(struct ImGuiWindow *,int)" (?IsWindowContentHoverable@ImGui@@YA_NPAUImGuiWindow@@H@Z) already defined in Media.lib(imgui.obj); second definition ignored
ImGui.lib(imgui.obj) : warning LNK4006: "bool __cdecl ImGui::IsClippedEx(struct ImRect const &,unsigned int)" (?IsClippedEx@ImGui@@YA_NABUImRect@@I@Z) already defined in Media.lib(imgui.obj); second definition ignored
ImGui.lib(imgui.obj) : warning LNK4006: "void __cdecl ImGui::SetLastItemData(unsigned int,int,int,struct ImRect const &)" (?SetLastItemData@ImGui@@YAXIHHABUImRect@@@Z) already defined in Media.lib(imgui.obj); second definition ignored
ImGui.lib(imgui.obj) : warning LNK4006: "struct ImVec2 __cdecl ImGui::CalcItemSize(struct ImVec2,float,float)" (?CalcItemSize@ImGui@@YA?AUImVec2@@U2@MM@Z) already defined in Media.lib(imgui.obj); second definition ignored
ImGui.lib(imgui.obj) : warning LNK4006: "float __cdecl ImGui::CalcWrapWidthForPos(struct ImVec2 const &,float)" (?CalcWrapWidthForPos@ImGui@@YAMABUImVec2@@M@Z) already defined in Media.lib(imgui.obj); second definition ignored
ImGui.lib(imgui.obj) : warning LNK4006: "void __cdecl ImGui::PushMultiItemsWidths(int,float)" (?PushMultiItemsWidths@ImGui@@YAXHM@Z) already defined in Media.lib(imgui.obj); second definition ignored
ImGui.lib(imgui.obj) : warning LNK4006: "void __cdecl ImGui::CalcClipRectVisibleItemsY(struct ImRect const &,struct ImVec2 const &,float,int *,int *)" (?CalcClipRectVisibleItemsY@ImGui@@YAXABUImRect@@ABUImVec2@@MPAH2@Z) already defined in Media.lib(imgui.obj); second definition ignored
ImGui.lib(imgui.obj) : warning LNK4006: "struct ImGuiStyleVarInfo const * __cdecl ImGui::GetStyleVarInfo(int)" (?GetStyleVarInfo@ImGui@@YAPBUImGuiStyleVarInfo@@H@Z) already defined in Media.lib(imgui.obj); second definition ignored
ImGui.lib(imgui.obj) : warning LNK4006: "void __cdecl ImGui::BeginDisabledOverrideReenable(void)" (?BeginDisabledOverrideReenable@ImGui@@YAXXZ) already defined in Media.lib(imgui.obj); second definition ignored
ImGui.lib(imgui.obj) : warning LNK4006: "void __cdecl ImGui::EndDisabledOverrideReenable(void)" (?EndDisabledOverrideReenable@ImGui@@YAXXZ) already defined in Media.lib(imgui.obj); second definition ignored
ImGui.lib(imgui.obj) : warning LNK4006: "void __cdecl ImGui::LogBegin(int,int)" (?LogBegin@ImGui@@YAXHH@Z) already defined in Media.lib(imgui.obj); second definition ignored
ImGui.lib(imgui.obj) : warning LNK4006: "void __cdecl ImGui::LogToBuffer(int)" (?LogToBuffer@ImGui@@YAXH@Z) already defined in Media.lib(imgui.obj); second definition ignored
ImGui.lib(imgui.obj) : warning LNK4006: "void __cdecl ImGui::LogRenderedText(struct ImVec2 const *,char const *,char const *)" (?LogRenderedText@ImGui@@YAXPBUImVec2@@PBD1@Z) already defined in Media.lib(imgui.obj); second definition ignored
ImGui.lib(imgui.obj) : warning LNK4006: "void __cdecl ImGui::LogSetNextTextDecoration(char const *,char const *)" (?LogSetNextTextDecoration@ImGui@@YAXPBD0@Z) already defined in Media.lib(imgui.obj); second definition ignored
ImGui.lib(imgui.obj) : warning LNK4006: "bool __cdecl ImGui::BeginChildEx(char const *,unsigned int,struct ImVec2 const &,int,int)" (?BeginChildEx@ImGui@@YA_NPBDIABUImVec2@@HH@Z) already defined in Media.lib(imgui.obj); second definition ignored
ImGui.lib(imgui.obj) : warning LNK4006: "bool __cdecl ImGui::BeginPopupEx(unsigned int,int)" (?BeginPopupEx@ImGui@@YA_NIH@Z) already defined in Media.lib(imgui.obj); second definition ignored
ImGui.lib(imgui.obj) : warning LNK4006: "bool __cdecl ImGui::BeginPopupMenuEx(unsigned int,char const *,int)" (?BeginPopupMenuEx@ImGui@@YA_NIPBDH@Z) already defined in Media.lib(imgui.obj); second definition ignored
ImGui.lib(imgui.obj) : warning LNK4006: "void __cdecl ImGui::OpenPopupEx(unsigned int,int)" (?OpenPopupEx@ImGui@@YAXIH@Z) already defined in Media.lib(imgui.obj); second definition ignored
ImGui.lib(imgui.obj) : warning LNK4006: "void __cdecl ImGui::ClosePopupToLevel(int,bool)" (?ClosePopupToLevel@ImGui@@YAXH_N@Z) already defined in Media.lib(imgui.obj); second definition ignored
ImGui.lib(imgui.obj) : warning LNK4006: "void __cdecl ImGui::ClosePopupsOverWindow(struct ImGuiWindow *,bool)" (?ClosePopupsOverWindow@ImGui@@YAXPAUImGuiWindow@@_N@Z) already defined in Media.lib(imgui.obj); second definition ignored
ImGui.lib(imgui.obj) : warning LNK4006: "void __cdecl ImGui::ClosePopupsExceptModals(void)" (?ClosePopupsExceptModals@ImGui@@YAXXZ) already defined in Media.lib(imgui.obj); second definition ignored
ImGui.lib(imgui.obj) : warning LNK4006: "bool __cdecl ImGui::IsPopupOpen(unsigned int,int)" (?IsPopupOpen@ImGui@@YA_NIH@Z) already defined in Media.lib(imgui.obj); second definition ignored
ImGui.lib(imgui.obj) : warning LNK4006: "struct ImRect __cdecl ImGui::GetPopupAllowedExtentRect(struct ImGuiWindow *)" (?GetPopupAllowedExtentRect@ImGui@@YA?AUImRect@@PAUImGuiWindow@@@Z) already defined in Media.lib(imgui.obj); second definition ignored
ImGui.lib(imgui.obj) : warning LNK4006: "struct ImGuiWindow * __cdecl ImGui::GetTopMostPopupModal(void)" (?GetTopMostPopupModal@ImGui@@YAPAUImGuiWindow@@XZ) already defined in Media.lib(imgui.obj); second definition ignored
ImGui.lib(imgui.obj) : warning LNK4006: "struct ImGuiWindow * __cdecl ImGui::GetTopMostAndVisiblePopupModal(void)" (?GetTopMostAndVisiblePopupModal@ImGui@@YAPAUImGuiWindow@@XZ) already defined in Media.lib(imgui.obj); second definition ignored
ImGui.lib(imgui.obj) : warning LNK4006: "struct ImGuiWindow * __cdecl ImGui::FindBlockingModal(struct ImGuiWindow *)" (?FindBlockingModal@ImGui@@YAPAUImGuiWindow@@PAU2@@Z) already defined in Media.lib(imgui.obj); second definition ignored
ImGui.lib(imgui.obj) : warning LNK4006: "struct ImVec2 __cdecl ImGui::FindBestWindowPosForPopup(struct ImGuiWindow *)" (?FindBestWindowPosForPopup@ImGui@@YA?AUImVec2@@PAUImGuiWindow@@@Z) already defined in Media.lib(imgui.obj); second definition ignored
ImGui.lib(imgui.obj) : warning LNK4006: "struct ImVec2 __cdecl ImGui::FindBestWindowPosForPopupEx(struct ImVec2 const &,struct ImVec2 const &,enum ImGuiDir *,struct ImRect const &,struct ImRect const &,enum ImGuiPopupPositionPolicy)" (?FindBestWindowPosForPopupEx@ImGui@@YA?AUImVec2@@ABU2@0PAW4ImGuiDir@@ABUImRect@@2W4ImGuiPopupPositionPolicy@@@Z) already defined in Media.lib(imgui.obj); second definition ignored
ImGui.lib(imgui.obj) : warning LNK4006: "int __cdecl ImGui::GetMouseButtonFromPopupFlags(int)" (?GetMouseButtonFromPopupFlags@ImGui@@YAHH@Z) already defined in Media.lib(imgui.obj); second definition ignored
ImGui.lib(imgui.obj) : warning LNK4006: "bool __cdecl ImGui::BeginTooltipEx(int,int)" (?BeginTooltipEx@ImGui@@YA_NHH@Z) already defined in Media.lib(imgui.obj); second definition ignored
ImGui.lib(imgui.obj) : warning LNK4006: "bool __cdecl ImGui::BeginTooltipHidden(void)" (?BeginTooltipHidden@ImGui@@YA_NXZ) already defined in Media.lib(imgui.obj); second definition ignored
ImGui.lib(imgui.obj) : warning LNK4006: "void __cdecl ImGui::NavInitWindow(struct ImGuiWindow *,bool)" (?NavInitWindow@ImGui@@YAXPAUImGuiWindow@@_N@Z) already defined in Media.lib(imgui.obj); second definition ignored
ImGui.lib(imgui.obj) : warning LNK4006: "void __cdecl ImGui::NavInitRequestApplyResult(void)" (?NavInitRequestApplyResult@ImGui@@YAXXZ) already defined in Media.lib(imgui.obj); second definition ignored
ImGui.lib(imgui.obj) : warning LNK4006: "bool __cdecl ImGui::NavMoveRequestButNoResultYet(void)" (?NavMoveRequestButNoResultYet@ImGui@@YA_NXZ) already defined in Media.lib(imgui.obj); second definition ignored
ImGui.lib(imgui.obj) : warning LNK4006: "void __cdecl ImGui::NavMoveRequestSubmit(enum ImGuiDir,enum ImGuiDir,int,int)" (?NavMoveRequestSubmit@ImGui@@YAXW4ImGuiDir@@0HH@Z) already defined in Media.lib(imgui.obj); second definition ignored
ImGui.lib(imgui.obj) : warning LNK4006: "void __cdecl ImGui::NavMoveRequestForward(enum ImGuiDir,enum ImGuiDir,int,int)" (?NavMoveRequestForward@ImGui@@YAXW4ImGuiDir@@0HH@Z) already defined in Media.lib(imgui.obj); second definition ignored
ImGui.lib(imgui.obj) : warning LNK4006: "void __cdecl ImGui::NavMoveRequestResolveWithLastItem(struct ImGuiNavItemData *)" (?NavMoveRequestResolveWithLastItem@ImGui@@YAXPAUImGuiNavItemData@@@Z) already defined in Media.lib(imgui.obj); second definition ignored
ImGui.lib(imgui.obj) : warning LNK4006: "void __cdecl ImGui::NavMoveRequestResolveWithPastTreeNode(struct ImGuiNavItemData *,struct ImGuiTreeNodeStackData const *)" (?NavMoveRequestResolveWithPastTreeNode@ImGui@@YAXPAUImGuiNavItemData@@PBUImGuiTreeNodeStackData@@@Z) already defined in Media.lib(imgui.obj); second definition ignored
ImGui.lib(imgui.obj) : warning LNK4006: "void __cdecl ImGui::NavMoveRequestCancel(void)" (?NavMoveRequestCancel@ImGui@@YAXXZ) already defined in Media.lib(imgui.obj); second definition ignored
ImGui.lib(imgui.obj) : warning LNK4006: "void __cdecl ImGui::NavMoveRequestApplyResult(void)" (?NavMoveRequestApplyResult@ImGui@@YAXXZ) already defined in Media.lib(imgui.obj); second definition ignored
ImGui.lib(imgui.obj) : warning LNK4006: "void __cdecl ImGui::NavMoveRequestTryWrapping(struct ImGuiWindow *,int)" (?NavMoveRequestTryWrapping@ImGui@@YAXPAUImGuiWindow@@H@Z) already defined in Media.lib(imgui.obj); second definition ignored
ImGui.lib(imgui.obj) : warning LNK4006: "void __cdecl ImGui::NavHighlightActivated(unsigned int)" (?NavHighlightActivated@ImGui@@YAXI@Z) already defined in Media.lib(imgui.obj); second definition ignored
ImGui.lib(imgui.obj) : warning LNK4006: "void __cdecl ImGui::NavClearPreferredPosForAxis(enum ImGuiAxis)" (?NavClearPreferredPosForAxis@ImGui@@YAXW4ImGuiAxis@@@Z) already defined in Media.lib(imgui.obj); second definition ignored
ImGui.lib(imgui.obj) : warning LNK4006: "void __cdecl ImGui::SetNavCursorVisibleAfterMove(void)" (?SetNavCursorVisibleAfterMove@ImGui@@YAXXZ) already defined in Media.lib(imgui.obj); second definition ignored
ImGui.lib(imgui.obj) : warning LNK4006: "void __cdecl ImGui::NavUpdateCurrentWindowIsScrollPushableX(void)" (?NavUpdateCurrentWindowIsScrollPushableX@ImGui@@YAXXZ) already defined in Media.lib(imgui.obj); second definition ignored
ImGui.lib(imgui.obj) : warning LNK4006: "void __cdecl ImGui::SetNavWindow(struct ImGuiWindow *)" (?SetNavWindow@ImGui@@YAXPAUImGuiWindow@@@Z) already defined in Media.lib(imgui.obj); second definition ignored
ImGui.lib(imgui.obj) : warning LNK4006: "void __cdecl ImGui::SetNavID(unsigned int,enum ImGuiNavLayer,unsigned int,struct ImRect const &)" (?SetNavID@ImGui@@YAXIW4ImGuiNavLayer@@IABUImRect@@@Z) already defined in Media.lib(imgui.obj); second definition ignored
ImGui.lib(imgui.obj) : warning LNK4006: "void __cdecl ImGui::SetNavFocusScope(unsigned int)" (?SetNavFocusScope@ImGui@@YAXI@Z) already defined in Media.lib(imgui.obj); second definition ignored
ImGui.lib(imgui.obj) : warning LNK4006: "void __cdecl ImGui::FocusItem(void)" (?FocusItem@ImGui@@YAXXZ) already defined in Media.lib(imgui.obj); second definition ignored
ImGui.lib(imgui.obj) : warning LNK4006: "void __cdecl ImGui::ActivateItemByID(unsigned int)" (?ActivateItemByID@ImGui@@YAXI@Z) already defined in Media.lib(imgui.obj); second definition ignored
ImGui.lib(imgui.obj) : warning LNK4006: "int __cdecl ImGui::FixupKeyChord(int)" (?FixupKeyChord@ImGui@@YAHH@Z) already defined in Media.lib(imgui.obj); second definition ignored
ImGui.lib(imgui.obj) : warning LNK4006: "struct ImGuiKeyData * __cdecl ImGui::GetKeyData(struct ImGuiContext *,enum ImGuiKey)" (?GetKeyData@ImGui@@YAPAUImGuiKeyData@@PAUImGuiContext@@W4ImGuiKey@@@Z) already defined in Media.lib(imgui.obj); second definition ignored
ImGui.lib(imgui.obj) : warning LNK4006: "char const * __cdecl ImGui::GetKeyChordName(int)" (?GetKeyChordName@ImGui@@YAPBDH@Z) already defined in Media.lib(imgui.obj); second definition ignored
ImGui.lib(imgui.obj) : warning LNK4006: "bool __cdecl ImGui::IsMouseDragPastThreshold(int,float)" (?IsMouseDragPastThreshold@ImGui@@YA_NHM@Z) already defined in Media.lib(imgui.obj); second definition ignored
ImGui.lib(imgui.obj) : warning LNK4006: "struct ImVec2 __cdecl ImGui::GetKeyMagnitude2d(enum ImGuiKey,enum ImGuiKey,enum ImGuiKey,enum ImGuiKey)" (?GetKeyMagnitude2d@ImGui@@YA?AUImVec2@@W4ImGuiKey@@000@Z) already defined in Media.lib(imgui.obj); second definition ignored
ImGui.lib(imgui.obj) : warning LNK4006: "float __cdecl ImGui::GetNavTweakPressedAmount(enum ImGuiAxis)" (?GetNavTweakPressedAmount@ImGui@@YAMW4ImGuiAxis@@@Z) already defined in Media.lib(imgui.obj); second definition ignored
ImGui.lib(imgui.obj) : warning LNK4006: "int __cdecl ImGui::CalcTypematicRepeatAmount(float,float,float,float)" (?CalcTypematicRepeatAmount@ImGui@@YAHMMMM@Z) already defined in Media.lib(imgui.obj); second definition ignored
ImGui.lib(imgui.obj) : warning LNK4006: "void __cdecl ImGui::GetTypematicRepeatRate(int,float *,float *)" (?GetTypematicRepeatRate@ImGui@@YAXHPAM0@Z) already defined in Media.lib(imgui.obj); second definition ignored
ImGui.lib(imgui.obj) : warning LNK4006: "void __cdecl ImGui::TeleportMousePos(struct ImVec2 const &)" (?TeleportMousePos@ImGui@@YAXABUImVec2@@@Z) already defined in Media.lib(imgui.obj); second definition ignored
ImGui.lib(imgui.obj) : warning LNK4006: "void __cdecl ImGui::SetActiveIdUsingAllKeyboardKeys(void)" (?SetActiveIdUsingAllKeyboardKeys@ImGui@@YAXXZ) already defined in Media.lib(imgui.obj); second definition ignored
ImGui.lib(imgui.obj) : warning LNK4006: "unsigned int __cdecl ImGui::GetKeyOwner(enum ImGuiKey)" (?GetKeyOwner@ImGui@@YAIW4ImGuiKey@@@Z) already defined in Media.lib(imgui.obj); second definition ignored
ImGui.lib(imgui.obj) : warning LNK4006: "void __cdecl ImGui::SetKeyOwner(enum ImGuiKey,unsigned int,int)" (?SetKeyOwner@ImGui@@YAXW4ImGuiKey@@IH@Z) already defined in Media.lib(imgui.obj); second definition ignored
ImGui.lib(imgui.obj) : warning LNK4006: "void __cdecl ImGui::SetKeyOwnersForKeyChord(int,unsigned int,int)" (?SetKeyOwnersForKeyChord@ImGui@@YAXHIH@Z) already defined in Media.lib(imgui.obj); second definition ignored
ImGui.lib(imgui.obj) : warning LNK4006: "void __cdecl ImGui::SetItemKeyOwner(enum ImGuiKey,int)" (?SetItemKeyOwner@ImGui@@YAXW4ImGuiKey@@H@Z) already defined in Media.lib(imgui.obj); second definition ignored
ImGui.lib(imgui.obj) : warning LNK4006: "bool __cdecl ImGui::TestKeyOwner(enum ImGuiKey,unsigned int)" (?TestKeyOwner@ImGui@@YA_NW4ImGuiKey@@I@Z) already defined in Media.lib(imgui.obj); second definition ignored
ImGui.lib(imgui.obj) : warning LNK4006: "bool __cdecl ImGui::IsKeyDown(enum ImGuiKey,unsigned int)" (?IsKeyDown@ImGui@@YA_NW4ImGuiKey@@I@Z) already defined in Media.lib(imgui.obj); second definition ignored
ImGui.lib(imgui.obj) : warning LNK4006: "bool __cdecl ImGui::IsKeyPressed(enum ImGuiKey,int,unsigned int)" (?IsKeyPressed@ImGui@@YA_NW4ImGuiKey@@HI@Z) already defined in Media.lib(imgui.obj); second definition ignored
ImGui.lib(imgui.obj) : warning LNK4006: "bool __cdecl ImGui::IsKeyReleased(enum ImGuiKey,unsigned int)" (?IsKeyReleased@ImGui@@YA_NW4ImGuiKey@@I@Z) already defined in Media.lib(imgui.obj); second definition ignored
ImGui.lib(imgui.obj) : warning LNK4006: "bool __cdecl ImGui::IsKeyChordPressed(int,int,unsigned int)" (?IsKeyChordPressed@ImGui@@YA_NHHI@Z) already defined in Media.lib(imgui.obj); second definition ignored
ImGui.lib(imgui.obj) : warning LNK4006: "bool __cdecl ImGui::IsMouseDown(int,unsigned int)" (?IsMouseDown@ImGui@@YA_NHI@Z) already defined in Media.lib(imgui.obj); second definition ignored
ImGui.lib(imgui.obj) : warning LNK4006: "bool __cdecl ImGui::IsMouseClicked(int,int,unsigned int)" (?IsMouseClicked@ImGui@@YA_NHHI@Z) already defined in Media.lib(imgui.obj); second definition ignored
ImGui.lib(imgui.obj) : warning LNK4006: "bool __cdecl ImGui::IsMouseReleased(int,unsigned int)" (?IsMouseReleased@ImGui@@YA_NHI@Z) already defined in Media.lib(imgui.obj); second definition ignored
ImGui.lib(imgui.obj) : warning LNK4006: "bool __cdecl ImGui::IsMouseDoubleClicked(int,unsigned int)" (?IsMouseDoubleClicked@ImGui@@YA_NHI@Z) already defined in Media.lib(imgui.obj); second definition ignored
ImGui.lib(imgui.obj) : warning LNK4006: "bool __cdecl ImGui::Shortcut(int,int,unsigned int)" (?Shortcut@ImGui@@YA_NHHI@Z) already defined in Media.lib(imgui.obj); second definition ignored
ImGui.lib(imgui.obj) : warning LNK4006: "bool __cdecl ImGui::SetShortcutRouting(int,int,unsigned int)" (?SetShortcutRouting@ImGui@@YA_NHHI@Z) already defined in Media.lib(imgui.obj); second definition ignored
ImGui.lib(imgui.obj) : warning LNK4006: "bool __cdecl ImGui::TestShortcutRouting(int,unsigned int)" (?TestShortcutRouting@ImGui@@YA_NHI@Z) already defined in Media.lib(imgui.obj); second definition ignored
ImGui.lib(imgui.obj) : warning LNK4006: "struct ImGuiKeyRoutingData * __cdecl ImGui::GetShortcutRoutingData(int)" (?GetShortcutRoutingData@ImGui@@YAPAUImGuiKeyRoutingData@@H@Z) already defined in Media.lib(imgui.obj); second definition ignored
ImGui.lib(imgui.obj) : warning LNK4006: "void __cdecl ImGui::DockContextInitialize(struct ImGuiContext *)" (?DockContextInitialize@ImGui@@YAXPAUImGuiContext@@@Z) already defined in Media.lib(imgui.obj); second definition ignored
ImGui.lib(imgui.obj) : warning LNK4006: "void __cdecl ImGui::DockContextShutdown(struct ImGuiContext *)" (?DockContextShutdown@ImGui@@YAXPAUImGuiContext@@@Z) already defined in Media.lib(imgui.obj); second definition ignored
ImGui.lib(imgui.obj) : warning LNK4006: "void __cdecl ImGui::DockContextClearNodes(struct ImGuiContext *,unsigned int,bool)" (?DockContextClearNodes@ImGui@@YAXPAUImGuiContext@@I_N@Z) already defined in Media.lib(imgui.obj); second definition ignored
ImGui.lib(imgui.obj) : warning LNK4006: "void __cdecl ImGui::DockContextRebuildNodes(struct ImGuiContext *)" (?DockContextRebuildNodes@ImGui@@YAXPAUImGuiContext@@@Z) already defined in Media.lib(imgui.obj); second definition ignored
ImGui.lib(imgui.obj) : warning LNK4006: "void __cdecl ImGui::DockContextNewFrameUpdateUndocking(struct ImGuiContext *)" (?DockContextNewFrameUpdateUndocking@ImGui@@YAXPAUImGuiContext@@@Z) already defined in Media.lib(imgui.obj); second definition ignored
ImGui.lib(imgui.obj) : warning LNK4006: "void __cdecl ImGui::DockContextNewFrameUpdateDocking(struct ImGuiContext *)" (?DockContextNewFrameUpdateDocking@ImGui@@YAXPAUImGuiContext@@@Z) already defined in Media.lib(imgui.obj); second definition ignored
ImGui.lib(imgui.obj) : warning LNK4006: "void __cdecl ImGui::DockContextEndFrame(struct ImGuiContext *)" (?DockContextEndFrame@ImGui@@YAXPAUImGuiContext@@@Z) already defined in Media.lib(imgui.obj); second definition ignored
ImGui.lib(imgui.obj) : warning LNK4006: "unsigned int __cdecl ImGui::DockContextGenNodeID(struct ImGuiContext *)" (?DockContextGenNodeID@ImGui@@YAIPAUImGuiContext@@@Z) already defined in Media.lib(imgui.obj); second definition ignored
ImGui.lib(imgui.obj) : warning LNK4006: "void __cdecl ImGui::DockContextQueueDock(struct ImGuiContext *,struct ImGuiWindow *,struct ImGuiDockNode *,struct ImGuiWindow *,enum ImGuiDir,float,bool)" (?DockContextQueueDock@ImGui@@YAXPAUImGuiContext@@PAUImGuiWindow@@PAUImGuiDockNode@@1W4ImGuiDir@@M_N@Z) already defined in Media.lib(imgui.obj); second definition ignored
ImGui.lib(imgui.obj) : warning LNK4006: "void __cdecl ImGui::DockContextQueueUndockWindow(struct ImGuiContext *,struct ImGuiWindow *)" (?DockContextQueueUndockWindow@ImGui@@YAXPAUImGuiContext@@PAUImGuiWindow@@@Z) already defined in Media.lib(imgui.obj); second definition ignored
ImGui.lib(imgui.obj) : warning LNK4006: "void __cdecl ImGui::DockContextQueueUndockNode(struct ImGuiContext *,struct ImGuiDockNode *)" (?DockContextQueueUndockNode@ImGui@@YAXPAUImGuiContext@@PAUImGuiDockNode@@@Z) already defined in Media.lib(imgui.obj); second definition ignored
ImGui.lib(imgui.obj) : warning LNK4006: "void __cdecl ImGui::DockContextProcessUndockWindow(struct ImGuiContext *,struct ImGuiWindow *,bool)" (?DockContextProcessUndockWindow@ImGui@@YAXPAUImGuiContext@@PAUImGuiWindow@@_N@Z) already defined in Media.lib(imgui.obj); second definition ignored
ImGui.lib(imgui.obj) : warning LNK4006: "void __cdecl ImGui::DockContextProcessUndockNode(struct ImGuiContext *,struct ImGuiDockNode *)" (?DockContextProcessUndockNode@ImGui@@YAXPAUImGuiContext@@PAUImGuiDockNode@@@Z) already defined in Media.lib(imgui.obj); second definition ignored
ImGui.lib(imgui.obj) : warning LNK4006: "bool __cdecl ImGui::DockContextCalcDropPosForDocking(struct ImGuiWindow *,struct ImGuiDockNode *,struct ImGuiWindow *,struct ImGuiDockNode *,enum ImGuiDir,bool,struct ImVec2 *)" (?DockContextCalcDropPosForDocking@ImGui@@YA_NPAUImGuiWindow@@PAUImGuiDockNode@@01W4ImGuiDir@@_NPAUImVec2@@@Z) already defined in Media.lib(imgui.obj); second definition ignored
ImGui.lib(imgui.obj) : warning LNK4006: "struct ImGuiDockNode * __cdecl ImGui::DockContextFindNodeByID(struct ImGuiContext *,unsigned int)" (?DockContextFindNodeByID@ImGui@@YAPAUImGuiDockNode@@PAUImGuiContext@@I@Z) already defined in Media.lib(imgui.obj); second definition ignored
ImGui.lib(imgui.obj) : warning LNK4006: "void __cdecl ImGui::DockNodeWindowMenuHandler_Default(struct ImGuiContext *,struct ImGuiDockNode *,struct ImGuiTabBar *)" (?DockNodeWindowMenuHandler_Default@ImGui@@YAXPAUImGuiContext@@PAUImGuiDockNode@@PAUImGuiTabBar@@@Z) already defined in Media.lib(imgui.obj); second definition ignored
ImGui.lib(imgui.obj) : warning LNK4006: "bool __cdecl ImGui::DockNodeBeginAmendTabBar(struct ImGuiDockNode *)" (?DockNodeBeginAmendTabBar@ImGui@@YA_NPAUImGuiDockNode@@@Z) already defined in Media.lib(imgui.obj); second definition ignored
ImGui.lib(imgui.obj) : warning LNK4006: "void __cdecl ImGui::DockNodeEndAmendTabBar(void)" (?DockNodeEndAmendTabBar@ImGui@@YAXXZ) already defined in Media.lib(imgui.obj); second definition ignored
ImGui.lib(imgui.obj) : warning LNK4006: "bool __cdecl ImGui::GetWindowAlwaysWantOwnTabBar(struct ImGuiWindow *)" (?GetWindowAlwaysWantOwnTabBar@ImGui@@YA_NPAUImGuiWindow@@@Z) already defined in Media.lib(imgui.obj); second definition ignored
ImGui.lib(imgui.obj) : warning LNK4006: "void __cdecl ImGui::BeginDocked(struct ImGuiWindow *,bool *)" (?BeginDocked@ImGui@@YAXPAUImGuiWindow@@PA_N@Z) already defined in Media.lib(imgui.obj); second definition ignored
ImGui.lib(imgui.obj) : warning LNK4006: "void __cdecl ImGui::BeginDockableDragDropSource(struct ImGuiWindow *)" (?BeginDockableDragDropSource@ImGui@@YAXPAUImGuiWindow@@@Z) already defined in Media.lib(imgui.obj); second definition ignored
ImGui.lib(imgui.obj) : warning LNK4006: "void __cdecl ImGui::BeginDockableDragDropTarget(struct ImGuiWindow *)" (?BeginDockableDragDropTarget@ImGui@@YAXPAUImGuiWindow@@@Z) already defined in Media.lib(imgui.obj); second definition ignored
ImGui.lib(imgui.obj) : warning LNK4006: "void __cdecl ImGui::SetWindowDock(struct ImGuiWindow *,unsigned int,int)" (?SetWindowDock@ImGui@@YAXPAUImGuiWindow@@IH@Z) already defined in Media.lib(imgui.obj); second definition ignored
ImGui.lib(imgui.obj) : warning LNK4006: "void __cdecl ImGui::DockBuilderDockWindow(char const *,unsigned int)" (?DockBuilderDockWindow@ImGui@@YAXPBDI@Z) already defined in Media.lib(imgui.obj); second definition ignored
ImGui.lib(imgui.obj) : warning LNK4006: "struct ImGuiDockNode * __cdecl ImGui::DockBuilderGetNode(unsigned int)" (?DockBuilderGetNode@ImGui@@YAPAUImGuiDockNode@@I@Z) already defined in Media.lib(imgui.obj); second definition ignored
ImGui.lib(imgui.obj) : warning LNK4006: "unsigned int __cdecl ImGui::DockBuilderAddNode(unsigned int,int)" (?DockBuilderAddNode@ImGui@@YAIIH@Z) already defined in Media.lib(imgui.obj); second definition ignored
ImGui.lib(imgui.obj) : warning LNK4006: "void __cdecl ImGui::DockBuilderRemoveNode(unsigned int)" (?DockBuilderRemoveNode@ImGui@@YAXI@Z) already defined in Media.lib(imgui.obj); second definition ignored
ImGui.lib(imgui.obj) : warning LNK4006: "void __cdecl ImGui::DockBuilderRemoveNodeDockedWindows(unsigned int,bool)" (?DockBuilderRemoveNodeDockedWindows@ImGui@@YAXI_N@Z) already defined in Media.lib(imgui.obj); second definition ignored
ImGui.lib(imgui.obj) : warning LNK4006: "void __cdecl ImGui::DockBuilderRemoveNodeChildNodes(unsigned int)" (?DockBuilderRemoveNodeChildNodes@ImGui@@YAXI@Z) already defined in Media.lib(imgui.obj); second definition ignored
ImGui.lib(imgui.obj) : warning LNK4006: "void __cdecl ImGui::DockBuilderSetNodePos(unsigned int,struct ImVec2)" (?DockBuilderSetNodePos@ImGui@@YAXIUImVec2@@@Z) already defined in Media.lib(imgui.obj); second definition ignored
ImGui.lib(imgui.obj) : warning LNK4006: "void __cdecl ImGui::DockBuilderSetNodeSize(unsigned int,struct ImVec2)" (?DockBuilderSetNodeSize@ImGui@@YAXIUImVec2@@@Z) already defined in Media.lib(imgui.obj); second definition ignored
ImGui.lib(imgui.obj) : warning LNK4006: "unsigned int __cdecl ImGui::DockBuilderSplitNode(unsigned int,enum ImGuiDir,float,unsigned int *,unsigned int *)" (?DockBuilderSplitNode@ImGui@@YAIIW4ImGuiDir@@MPAI1@Z) already defined in Media.lib(imgui.obj); second definition ignored
ImGui.lib(imgui.obj) : warning LNK4006: "void __cdecl ImGui::DockBuilderCopyDockSpace(unsigned int,unsigned int,struct ImVector<char const *> *)" (?DockBuilderCopyDockSpace@ImGui@@YAXIIPAU?$ImVector@PBD@@@Z) already defined in Media.lib(imgui.obj); second definition ignored
ImGui.lib(imgui.obj) : warning LNK4006: "void __cdecl ImGui::DockBuilderCopyNode(unsigned int,unsigned int,struct ImVector<unsigned int> *)" (?DockBuilderCopyNode@ImGui@@YAXIIPAU?$ImVector@I@@@Z) already defined in Media.lib(imgui.obj); second definition ignored
ImGui.lib(imgui.obj) : warning LNK4006: "void __cdecl ImGui::DockBuilderCopyWindowSettings(char const *,char const *)" (?DockBuilderCopyWindowSettings@ImGui@@YAXPBD0@Z) already defined in Media.lib(imgui.obj); second definition ignored
ImGui.lib(imgui.obj) : warning LNK4006: "void __cdecl ImGui::DockBuilderFinish(unsigned int)" (?DockBuilderFinish@ImGui@@YAXI@Z) already defined in Media.lib(imgui.obj); second definition ignored
ImGui.lib(imgui.obj) : warning LNK4006: "void __cdecl ImGui::PushFocusScope(unsigned int)" (?PushFocusScope@ImGui@@YAXI@Z) already defined in Media.lib(imgui.obj); second definition ignored
ImGui.lib(imgui.obj) : warning LNK4006: "void __cdecl ImGui::PopFocusScope(void)" (?PopFocusScope@ImGui@@YAXXZ) already defined in Media.lib(imgui.obj); second definition ignored
ImGui.lib(imgui.obj) : warning LNK4006: "bool __cdecl ImGui::IsDragDropActive(void)" (?IsDragDropActive@ImGui@@YA_NXZ) already defined in Media.lib(imgui.obj); second definition ignored
ImGui.lib(imgui.obj) : warning LNK4006: "bool __cdecl ImGui::BeginDragDropTargetCustom(struct ImRect const &,unsigned int)" (?BeginDragDropTargetCustom@ImGui@@YA_NABUImRect@@I@Z) already defined in Media.lib(imgui.obj); second definition ignored
ImGui.lib(imgui.obj) : warning LNK4006: "bool __cdecl ImGui::BeginDragDropTargetViewport(struct ImGuiViewport *,struct ImRect const *)" (?BeginDragDropTargetViewport@ImGui@@YA_NPAUImGuiViewport@@PBUImRect@@@Z) already defined in Media.lib(imgui.obj); second definition ignored
ImGui.lib(imgui.obj) : warning LNK4006: "void __cdecl ImGui::ClearDragDrop(void)" (?ClearDragDrop@ImGui@@YAXXZ) already defined in Media.lib(imgui.obj); second definition ignored
ImGui.lib(imgui.obj) : warning LNK4006: "bool __cdecl ImGui::IsDragDropPayloadBeingAccepted(void)" (?IsDragDropPayloadBeingAccepted@ImGui@@YA_NXZ) already defined in Media.lib(imgui.obj); second definition ignored
ImGui.lib(imgui.obj) : warning LNK4006: "void __cdecl ImGui::RenderDragDropTargetRectForItem(struct ImRect const &)" (?RenderDragDropTargetRectForItem@ImGui@@YAXABUImRect@@@Z) already defined in Media.lib(imgui.obj); second definition ignored
ImGui.lib(imgui.obj) : warning LNK4006: "void __cdecl ImGui::RenderDragDropTargetRectEx(struct ImDrawList *,struct ImRect const &)" (?RenderDragDropTargetRectEx@ImGui@@YAXPAUImDrawList@@ABUImRect@@@Z) already defined in Media.lib(imgui.obj); second definition ignored
ImGui.lib(imgui.obj) : warning LNK4006: "void __cdecl ImGui::RenderText(struct ImVec2,char const *,char const *,bool)" (?RenderText@ImGui@@YAXUImVec2@@PBD1_N@Z) already defined in Media.lib(imgui.obj); second definition ignored
ImGui.lib(imgui.obj) : warning LNK4006: "void __cdecl ImGui::RenderTextWrapped(struct ImVec2,char const *,char const *,float)" (?RenderTextWrapped@ImGui@@YAXUImVec2@@PBD1M@Z) already defined in Media.lib(imgui.obj); second definition ignored
ImGui.lib(imgui.obj) : warning LNK4006: "void __cdecl ImGui::RenderTextClipped(struct ImVec2 const &,struct ImVec2 const &,char const *,char const *,struct ImVec2 const *,struct ImVec2 const &,struct ImRect const *)" (?RenderTextClipped@ImGui@@YAXABUImVec2@@0PBD1PBU2@0PBUImRect@@@Z) already defined in Media.lib(imgui.obj); second definition ignored
ImGui.lib(imgui.obj) : warning LNK4006: "void __cdecl ImGui::RenderTextClippedEx(struct ImDrawList *,struct ImVec2 const &,struct ImVec2 const &,char const *,char const *,struct ImVec2 const *,struct ImVec2 const &,struct ImRect const *)" (?RenderTextClippedEx@ImGui@@YAXPAUImDrawList@@ABUImVec2@@1PBD2PBU3@1PBUImRect@@@Z) already defined in Media.lib(imgui.obj); second definition ignored
ImGui.lib(imgui.obj) : warning LNK4006: "void __cdecl ImGui::RenderTextEllipsis(struct ImDrawList *,struct ImVec2 const &,struct ImVec2 const &,float,char const *,char const *,struct ImVec2 const *)" (?RenderTextEllipsis@ImGui@@YAXPAUImDrawList@@ABUImVec2@@1MPBD2PBU3@@Z) already defined in Media.lib(imgui.obj); second definition ignored
ImGui.lib(imgui.obj) : warning LNK4006: "void __cdecl ImGui::RenderFrame(struct ImVec2,struct ImVec2,unsigned int,bool,float)" (?RenderFrame@ImGui@@YAXUImVec2@@0I_NM@Z) already defined in Media.lib(imgui.obj); second definition ignored
ImGui.lib(imgui.obj) : warning LNK4006: "void __cdecl ImGui::RenderFrameBorder(struct ImVec2,struct ImVec2,float)" (?RenderFrameBorder@ImGui@@YAXUImVec2@@0M@Z) already defined in Media.lib(imgui.obj); second definition ignored
ImGui.lib(imgui.obj) : warning LNK4006: "void __cdecl ImGui::RenderColorComponentMarker(struct ImRect const &,unsigned int,float)" (?RenderColorComponentMarker@ImGui@@YAXABUImRect@@IM@Z) already defined in Media.lib(imgui.obj); second definition ignored
ImGui.lib(imgui.obj) : warning LNK4006: "void __cdecl ImGui::RenderNavCursor(struct ImRect const &,unsigned int,int)" (?RenderNavCursor@ImGui@@YAXABUImRect@@IH@Z) already defined in Media.lib(imgui.obj); second definition ignored
ImGui.lib(imgui.obj) : warning LNK4006: "char const * __cdecl ImGui::FindRenderedTextEnd(char const *,char const *)" (?FindRenderedTextEnd@ImGui@@YAPBDPBD0@Z) already defined in Media.lib(imgui.obj); second definition ignored
ImGui.lib(imgui.obj) : warning LNK4006: "void __cdecl ImGui::RenderMouseCursor(struct ImVec2,float,int,unsigned int,unsigned int,unsigned int)" (?RenderMouseCursor@ImGui@@YAXUImVec2@@MHIII@Z) already defined in Media.lib(imgui.obj); second definition ignored
ImGui.lib(imgui.obj) : warning LNK4006: "unsigned int __cdecl ImGui::GetWindowResizeCornerID(struct ImGuiWindow *,int)" (?GetWindowResizeCornerID@ImGui@@YAIPAUImGuiWindow@@H@Z) already defined in Media.lib(imgui.obj); second definition ignored
ImGui.lib(imgui.obj) : warning LNK4006: "unsigned int __cdecl ImGui::GetWindowResizeBorderID(struct ImGuiWindow *,enum ImGuiDir)" (?GetWindowResizeBorderID@ImGui@@YAIPAUImGuiWindow@@W4ImGuiDir@@@Z) already defined in Media.lib(imgui.obj); second definition ignored
ImGui.lib(imgui.obj) : warning LNK4006: "void __cdecl ImGui::GcCompactTransientMiscBuffers(void)" (?GcCompactTransientMiscBuffers@ImGui@@YAXXZ) already defined in Media.lib(imgui.obj); second definition ignored
ImGui.lib(imgui.obj) : warning LNK4006: "void __cdecl ImGui::GcCompactTransientWindowBuffers(struct ImGuiWindow *)" (?GcCompactTransientWindowBuffers@ImGui@@YAXPAUImGuiWindow@@@Z) already defined in Media.lib(imgui.obj); second definition ignored
ImGui.lib(imgui.obj) : warning LNK4006: "void __cdecl ImGui::GcAwakeTransientWindowBuffers(struct ImGuiWindow *)" (?GcAwakeTransientWindowBuffers@ImGui@@YAXPAUImGuiWindow@@@Z) already defined in Media.lib(imgui.obj); second definition ignored
ImGui.lib(imgui.obj) : warning LNK4006: "bool __cdecl ImGui::ErrorLog(char const *)" (?ErrorLog@ImGui@@YA_NPBD@Z) already defined in Media.lib(imgui.obj); second definition ignored
ImGui.lib(imgui.obj) : warning LNK4006: "void __cdecl ImGui::ErrorRecoveryStoreState(struct ImGuiErrorRecoveryState *)" (?ErrorRecoveryStoreState@ImGui@@YAXPAUImGuiErrorRecoveryState@@@Z) already defined in Media.lib(imgui.obj); second definition ignored
ImGui.lib(imgui.obj) : warning LNK4006: "void __cdecl ImGui::ErrorRecoveryTryToRecoverState(struct ImGuiErrorRecoveryState const *)" (?ErrorRecoveryTryToRecoverState@ImGui@@YAXPBUImGuiErrorRecoveryState@@@Z) already defined in Media.lib(imgui.obj); second definition ignored
ImGui.lib(imgui.obj) : warning LNK4006: "void __cdecl ImGui::ErrorRecoveryTryToRecoverWindowState(struct ImGuiErrorRecoveryState const *)" (?ErrorRecoveryTryToRecoverWindowState@ImGui@@YAXPBUImGuiErrorRecoveryState@@@Z) already defined in Media.lib(imgui.obj); second definition ignored
ImGui.lib(imgui.obj) : warning LNK4006: "void __cdecl ImGui::ErrorCheckUsingSetCursorPosToExtendParentBoundaries(void)" (?ErrorCheckUsingSetCursorPosToExtendParentBoundaries@ImGui@@YAXXZ) already defined in Media.lib(imgui.obj); second definition ignored
ImGui.lib(imgui.obj) : warning LNK4006: "void __cdecl ImGui::ErrorCheckEndFrameFinalizeErrorTooltip(void)" (?ErrorCheckEndFrameFinalizeErrorTooltip@ImGui@@YAXXZ) already defined in Media.lib(imgui.obj); second definition ignored
ImGui.lib(imgui.obj) : warning LNK4006: "bool __cdecl ImGui::BeginErrorTooltip(void)" (?BeginErrorTooltip@ImGui@@YA_NXZ) already defined in Media.lib(imgui.obj); second definition ignored
ImGui.lib(imgui.obj) : warning LNK4006: "void __cdecl ImGui::EndErrorTooltip(void)" (?EndErrorTooltip@ImGui@@YAXXZ) already defined in Media.lib(imgui.obj); second definition ignored
ImGui.lib(imgui.obj) : warning LNK4006: "void __cdecl ImGui::DemoMarker(char const *,int,char const *)" (?DemoMarker@ImGui@@YAXPBDH0@Z) already defined in Media.lib(imgui.obj); second definition ignored
ImGui.lib(imgui.obj) : warning LNK4006: "void __cdecl ImGui::DebugAllocHook(struct ImGuiDebugAllocInfo *,int,void *,unsigned int)" (?DebugAllocHook@ImGui@@YAXPAUImGuiDebugAllocInfo@@HPAXI@Z) already defined in Media.lib(imgui.obj); second definition ignored
ImGui.lib(imgui.obj) : warning LNK4006: "void __cdecl ImGui::DebugDrawCursorPos(unsigned int)" (?DebugDrawCursorPos@ImGui@@YAXI@Z) already defined in Media.lib(imgui.obj); second definition ignored
ImGui.lib(imgui.obj) : warning LNK4006: "void __cdecl ImGui::DebugDrawLineExtents(unsigned int)" (?DebugDrawLineExtents@ImGui@@YAXI@Z) already defined in Media.lib(imgui.obj); second definition ignored
ImGui.lib(imgui.obj) : warning LNK4006: "void __cdecl ImGui::DebugDrawItemRect(unsigned int)" (?DebugDrawItemRect@ImGui@@YAXI@Z) already defined in Media.lib(imgui.obj); second definition ignored
ImGui.lib(imgui.obj) : warning LNK4006: "void __cdecl ImGui::DebugTextUnformattedWithLocateItem(char const *,char const *)" (?DebugTextUnformattedWithLocateItem@ImGui@@YAXPBD0@Z) already defined in Media.lib(imgui.obj); second definition ignored
ImGui.lib(imgui.obj) : warning LNK4006: "void __cdecl ImGui::DebugLocateItem(unsigned int)" (?DebugLocateItem@ImGui@@YAXI@Z) already defined in Media.lib(imgui.obj); second definition ignored
ImGui.lib(imgui.obj) : warning LNK4006: "void __cdecl ImGui::DebugLocateItemOnHover(unsigned int)" (?DebugLocateItemOnHover@ImGui@@YAXI@Z) already defined in Media.lib(imgui.obj); second definition ignored
ImGui.lib(imgui.obj) : warning LNK4006: "void __cdecl ImGui::DebugLocateItemResolveWithLastItem(void)" (?DebugLocateItemResolveWithLastItem@ImGui@@YAXXZ) already defined in Media.lib(imgui.obj); second definition ignored
ImGui.lib(imgui.obj) : warning LNK4006: "void __cdecl ImGui::DebugBreakClearData(void)" (?DebugBreakClearData@ImGui@@YAXXZ) already defined in Media.lib(imgui.obj); second definition ignored
ImGui.lib(imgui.obj) : warning LNK4006: "bool __cdecl ImGui::DebugBreakButton(char const *,char const *)" (?DebugBreakButton@ImGui@@YA_NPBD0@Z) already defined in Media.lib(imgui.obj); second definition ignored
ImGui.lib(imgui.obj) : warning LNK4006: "void __cdecl ImGui::DebugBreakButtonTooltip(bool,char const *)" (?DebugBreakButtonTooltip@ImGui@@YAX_NPBD@Z) already defined in Media.lib(imgui.obj); second definition ignored
ImGui.lib(imgui.obj) : warning LNK4006: "void __cdecl ImGui::ShowFontAtlas(struct ImFontAtlas *)" (?ShowFontAtlas@ImGui@@YAXPAUImFontAtlas@@@Z) already defined in Media.lib(imgui.obj); second definition ignored
ImGui.lib(imgui.obj) : warning LNK4006: "unsigned __int64 __cdecl ImGui::DebugTextureIDToU64(unsigned __int64)" (?DebugTextureIDToU64@ImGui@@YA_K_K@Z) already defined in Media.lib(imgui.obj); second definition ignored
ImGui.lib(imgui.obj) : warning LNK4006: "void __cdecl ImGui::DebugHookIdInfo(unsigned int,int,void const *,void const *)" (?DebugHookIdInfo@ImGui@@YAXIHPBX0@Z) already defined in Media.lib(imgui.obj); second definition ignored
ImGui.lib(imgui.obj) : warning LNK4006: "void __cdecl ImGui::DebugNodeColumns(struct ImGuiOldColumns *)" (?DebugNodeColumns@ImGui@@YAXPAUImGuiOldColumns@@@Z) already defined in Media.lib(imgui.obj); second definition ignored
ImGui.lib(imgui.obj) : warning LNK4006: "void __cdecl ImGui::DebugNodeDockNode(struct ImGuiDockNode *,char const *)" (?DebugNodeDockNode@ImGui@@YAXPAUImGuiDockNode@@PBD@Z) already defined in Media.lib(imgui.obj); second definition ignored
ImGui.lib(imgui.obj) : warning LNK4006: "void __cdecl ImGui::DebugNodeDrawList(struct ImGuiWindow *,struct ImGuiViewportP *,struct ImDrawList const *,char const *)" (?DebugNodeDrawList@ImGui@@YAXPAUImGuiWindow@@PAUImGuiViewportP@@PBUImDrawList@@PBD@Z) already defined in Media.lib(imgui.obj); second definition ignored
ImGui.lib(imgui.obj) : warning LNK4006: "void __cdecl ImGui::DebugNodeDrawCmdShowMeshAndBoundingBox(struct ImDrawList *,struct ImDrawList const *,struct ImDrawCmd const *,bool,bool)" (?DebugNodeDrawCmdShowMeshAndBoundingBox@ImGui@@YAXPAUImDrawList@@PBU2@PBUImDrawCmd@@_N3@Z) already defined in Media.lib(imgui.obj); second definition ignored
ImGui.lib(imgui.obj) : warning LNK4006: "void __cdecl ImGui::DebugNodeFont(struct ImFont *)" (?DebugNodeFont@ImGui@@YAXPAUImFont@@@Z) already defined in Media.lib(imgui.obj); second definition ignored
ImGui.lib(imgui.obj) : warning LNK4006: "void __cdecl ImGui::DebugNodeFontGlyphesForSrcMask(struct ImFont *,struct ImFontBaked *,int)" (?DebugNodeFontGlyphesForSrcMask@ImGui@@YAXPAUImFont@@PAUImFontBaked@@H@Z) already defined in Media.lib(imgui.obj); second definition ignored
ImGui.lib(imgui.obj) : warning LNK4006: "void __cdecl ImGui::DebugNodeFontGlyph(struct ImFont *,struct ImFontGlyph const *)" (?DebugNodeFontGlyph@ImGui@@YAXPAUImFont@@PBUImFontGlyph@@@Z) already defined in Media.lib(imgui.obj); second definition ignored
ImGui.lib(imgui.obj) : warning LNK4006: "void __cdecl ImGui::DebugNodeTexture(struct ImTextureData *,int,struct ImFontAtlasRect const *)" (?DebugNodeTexture@ImGui@@YAXPAUImTextureData@@HPBUImFontAtlasRect@@@Z) already defined in Media.lib(imgui.obj); second definition ignored
ImGui.lib(imgui.obj) : warning LNK4006: "void __cdecl ImGui::DebugNodeStorage(struct ImGuiStorage *,char const *)" (?DebugNodeStorage@ImGui@@YAXPAUImGuiStorage@@PBD@Z) already defined in Media.lib(imgui.obj); second definition ignored
ImGui.lib(imgui.obj) : warning LNK4006: "void __cdecl ImGui::DebugNodeTabBar(struct ImGuiTabBar *,char const *)" (?DebugNodeTabBar@ImGui@@YAXPAUImGuiTabBar@@PBD@Z) already defined in Media.lib(imgui.obj); second definition ignored
ImGui.lib(imgui.obj) : warning LNK4006: "void __cdecl ImGui::DebugNodeWindow(struct ImGuiWindow *,char const *)" (?DebugNodeWindow@ImGui@@YAXPAUImGuiWindow@@PBD@Z) already defined in Media.lib(imgui.obj); second definition ignored
ImGui.lib(imgui.obj) : warning LNK4006: "void __cdecl ImGui::DebugNodeWindowSettings(struct ImGuiWindowSettings *)" (?DebugNodeWindowSettings@ImGui@@YAXPAUImGuiWindowSettings@@@Z) already defined in Media.lib(imgui.obj); second definition ignored
ImGui.lib(imgui.obj) : warning LNK4006: "void __cdecl ImGui::DebugNodeWindowsList(struct ImVector<struct ImGuiWindow *> *,char const *)" (?DebugNodeWindowsList@ImGui@@YAXPAU?$ImVector@PAUImGuiWindow@@@@PBD@Z) already defined in Media.lib(imgui.obj); second definition ignored
ImGui.lib(imgui.obj) : warning LNK4006: "void __cdecl ImGui::DebugNodeWindowsListByBeginStackParent(struct ImGuiWindow * *,int,struct ImGuiWindow *)" (?DebugNodeWindowsListByBeginStackParent@ImGui@@YAXPAPAUImGuiWindow@@HPAU2@@Z) already defined in Media.lib(imgui.obj); second definition ignored
ImGui.lib(imgui.obj) : warning LNK4006: "void __cdecl ImGui::DebugNodeViewport(struct ImGuiViewportP *)" (?DebugNodeViewport@ImGui@@YAXPAUImGuiViewportP@@@Z) already defined in Media.lib(imgui.obj); second definition ignored
ImGui.lib(imgui.obj) : warning LNK4006: "void __cdecl ImGui::DebugNodePlatformMonitor(struct ImGuiPlatformMonitor *,char const *,int)" (?DebugNodePlatformMonitor@ImGui@@YAXPAUImGuiPlatformMonitor@@PBDH@Z) already defined in Media.lib(imgui.obj); second definition ignored
ImGui.lib(imgui.obj) : warning LNK4006: "void __cdecl ImGui::DebugRenderKeyboardPreview(struct ImDrawList *)" (?DebugRenderKeyboardPreview@ImGui@@YAXPAUImDrawList@@@Z) already defined in Media.lib(imgui.obj); second definition ignored
ImGui.lib(imgui.obj) : warning LNK4006: "void __cdecl ImGui::DebugRenderViewportThumbnail(struct ImDrawList *,struct ImGuiViewportP *,struct ImRect const &)" (?DebugRenderViewportThumbnail@ImGui@@YAXPAUImDrawList@@PAUImGuiViewportP@@ABUImRect@@@Z) already defined in Media.lib(imgui.obj); second definition ignored
ImGui.lib(imgui_demo.obj) : warning LNK4006: "public: static struct ImGuiTableSortSpecs const * const ExampleAsset::s_current_sort_specs" (?s_current_sort_specs@ExampleAsset@@2PBUImGuiTableSortSpecs@@B) already defined in Media.lib(imgui_demo.obj); second definition ignored
ImGui.lib(imgui_demo.obj) : warning LNK4006: "void __cdecl ImGui::ShowDemoWindow(bool *)" (?ShowDemoWindow@ImGui@@YAXPA_N@Z) already defined in Media.lib(imgui_demo.obj); second definition ignored
ImGui.lib(imgui_demo.obj) : warning LNK4006: "void __cdecl ImGui::ShowAboutWindow(bool *)" (?ShowAboutWindow@ImGui@@YAXPA_N@Z) already defined in Media.lib(imgui_demo.obj); second definition ignored
ImGui.lib(imgui_demo.obj) : warning LNK4006: "void __cdecl ImGui::ShowStyleEditor(struct ImGuiStyle *)" (?ShowStyleEditor@ImGui@@YAXPAUImGuiStyle@@@Z) already defined in Media.lib(imgui_demo.obj); second definition ignored
ImGui.lib(imgui_demo.obj) : warning LNK4006: "bool __cdecl ImGui::ShowStyleSelector(char const *)" (?ShowStyleSelector@ImGui@@YA_NPBD@Z) already defined in Media.lib(imgui_demo.obj); second definition ignored
ImGui.lib(imgui_demo.obj) : warning LNK4006: "void __cdecl ImGui::ShowUserGuide(void)" (?ShowUserGuide@ImGui@@YAXXZ) already defined in Media.lib(imgui_demo.obj); second definition ignored
ImGui.lib(imgui_draw.obj) : warning LNK4006: "void __cdecl ImGui::StyleColorsDark(struct ImGuiStyle *)" (?StyleColorsDark@ImGui@@YAXPAUImGuiStyle@@@Z) already defined in Media.lib(imgui_draw.obj); second definition ignored
ImGui.lib(imgui_draw.obj) : warning LNK4006: "void __cdecl ImGui::StyleColorsLight(struct ImGuiStyle *)" (?StyleColorsLight@ImGui@@YAXPAUImGuiStyle@@@Z) already defined in Media.lib(imgui_draw.obj); second definition ignored
ImGui.lib(imgui_draw.obj) : warning LNK4006: "void __cdecl ImGui::StyleColorsClassic(struct ImGuiStyle *)" (?StyleColorsClassic@ImGui@@YAXPAUImGuiStyle@@@Z) already defined in Media.lib(imgui_draw.obj); second definition ignored
ImGui.lib(imgui_draw.obj) : warning LNK4006: "public: void __thiscall ImDrawListSplitter::ClearFreeMemory(void)" (?ClearFreeMemory@ImDrawListSplitter@@QAEXXZ) already defined in Media.lib(imgui_draw.obj); second definition ignored
ImGui.lib(imgui_draw.obj) : warning LNK4006: "public: void __thiscall ImDrawListSplitter::Split(struct ImDrawList *,int)" (?Split@ImDrawListSplitter@@QAEXPAUImDrawList@@H@Z) already defined in Media.lib(imgui_draw.obj); second definition ignored
ImGui.lib(imgui_draw.obj) : warning LNK4006: "public: void __thiscall ImDrawListSplitter::Merge(struct ImDrawList *)" (?Merge@ImDrawListSplitter@@QAEXPAUImDrawList@@@Z) already defined in Media.lib(imgui_draw.obj); second definition ignored
ImGui.lib(imgui_draw.obj) : warning LNK4006: "public: void __thiscall ImDrawListSplitter::SetCurrentChannel(struct ImDrawList *,int)" (?SetCurrentChannel@ImDrawListSplitter@@QAEXPAUImDrawList@@H@Z) already defined in Media.lib(imgui_draw.obj); second definition ignored
ImGui.lib(imgui_draw.obj) : warning LNK4006: "public: __thiscall ImDrawList::ImDrawList(struct ImDrawListSharedData *)" (??0ImDrawList@@QAE@PAUImDrawListSharedData@@@Z) already defined in Media.lib(imgui_draw.obj); second definition ignored
ImGui.lib(imgui_draw.obj) : warning LNK4006: "public: __thiscall ImDrawList::~ImDrawList(void)" (??1ImDrawList@@QAE@XZ) already defined in Media.lib(imgui_draw.obj); second definition ignored
ImGui.lib(imgui_draw.obj) : warning LNK4006: "public: void __thiscall ImDrawList::PushClipRect(struct ImVec2 const &,struct ImVec2 const &,bool)" (?PushClipRect@ImDrawList@@QAEXABUImVec2@@0_N@Z) already defined in Media.lib(imgui_draw.obj); second definition ignored
ImGui.lib(imgui_draw.obj) : warning LNK4006: "public: void __thiscall ImDrawList::PushClipRectFullScreen(void)" (?PushClipRectFullScreen@ImDrawList@@QAEXXZ) already defined in Media.lib(imgui_draw.obj); second definition ignored
ImGui.lib(imgui_draw.obj) : warning LNK4006: "public: void __thiscall ImDrawList::PopClipRect(void)" (?PopClipRect@ImDrawList@@QAEXXZ) already defined in Media.lib(imgui_draw.obj); second definition ignored
ImGui.lib(imgui_draw.obj) : warning LNK4006: "public: void __thiscall ImDrawList::PushTexture(struct ImTextureRef)" (?PushTexture@ImDrawList@@QAEXUImTextureRef@@@Z) already defined in Media.lib(imgui_draw.obj); second definition ignored
ImGui.lib(imgui_draw.obj) : warning LNK4006: "public: void __thiscall ImDrawList::PopTexture(void)" (?PopTexture@ImDrawList@@QAEXXZ) already defined in Media.lib(imgui_draw.obj); second definition ignored
ImGui.lib(imgui_draw.obj) : warning LNK4006: "public: void __thiscall ImDrawList::AddLine(struct ImVec2 const &,struct ImVec2 const &,unsigned int,float)" (?AddLine@ImDrawList@@QAEXABUImVec2@@0IM@Z) already defined in Media.lib(imgui_draw.obj); second definition ignored
ImGui.lib(imgui_draw.obj) : warning LNK4006: "public: void __thiscall ImDrawList::AddRect(struct ImVec2 const &,struct ImVec2 const &,unsigned int,float,int,float)" (?AddRect@ImDrawList@@QAEXABUImVec2@@0IMHM@Z) already defined in Media.lib(imgui_draw.obj); second definition ignored
ImGui.lib(imgui_draw.obj) : warning LNK4006: "public: void __thiscall ImDrawList::AddRectFilled(struct ImVec2 const &,struct ImVec2 const &,unsigned int,float,int)" (?AddRectFilled@ImDrawList@@QAEXABUImVec2@@0IMH@Z) already defined in Media.lib(imgui_draw.obj); second definition ignored
ImGui.lib(imgui_draw.obj) : warning LNK4006: "public: void __thiscall ImDrawList::AddRectFilledMultiColor(struct ImVec2 const &,struct ImVec2 const &,unsigned int,unsigned int,unsigned int,unsigned int)" (?AddRectFilledMultiColor@ImDrawList@@QAEXABUImVec2@@0IIII@Z) already defined in Media.lib(imgui_draw.obj); second definition ignored
ImGui.lib(imgui_draw.obj) : warning LNK4006: "public: void __thiscall ImDrawList::AddQuad(struct ImVec2 const &,struct ImVec2 const &,struct ImVec2 const &,struct ImVec2 const &,unsigned int,float)" (?AddQuad@ImDrawList@@QAEXABUImVec2@@000IM@Z) already defined in Media.lib(imgui_draw.obj); second definition ignored
ImGui.lib(imgui_draw.obj) : warning LNK4006: "public: void __thiscall ImDrawList::AddQuadFilled(struct ImVec2 const &,struct ImVec2 const &,struct ImVec2 const &,struct ImVec2 const &,unsigned int)" (?AddQuadFilled@ImDrawList@@QAEXABUImVec2@@000I@Z) already defined in Media.lib(imgui_draw.obj); second definition ignored
ImGui.lib(imgui_draw.obj) : warning LNK4006: "public: void __thiscall ImDrawList::AddTriangle(struct ImVec2 const &,struct ImVec2 const &,struct ImVec2 const &,unsigned int,float)" (?AddTriangle@ImDrawList@@QAEXABUImVec2@@00IM@Z) already defined in Media.lib(imgui_draw.obj); second definition ignored
ImGui.lib(imgui_draw.obj) : warning LNK4006: "public: void __thiscall ImDrawList::AddTriangleFilled(struct ImVec2 const &,struct ImVec2 const &,struct ImVec2 const &,unsigned int)" (?AddTriangleFilled@ImDrawList@@QAEXABUImVec2@@00I@Z) already defined in Media.lib(imgui_draw.obj); second definition ignored
ImGui.lib(imgui_draw.obj) : warning LNK4006: "public: void __thiscall ImDrawList::AddCircle(struct ImVec2 const &,float,unsigned int,int,float)" (?AddCircle@ImDrawList@@QAEXABUImVec2@@MIHM@Z) already defined in Media.lib(imgui_draw.obj); second definition ignored
ImGui.lib(imgui_draw.obj) : warning LNK4006: "public: void __thiscall ImDrawList::AddCircleFilled(struct ImVec2 const &,float,unsigned int,int)" (?AddCircleFilled@ImDrawList@@QAEXABUImVec2@@MIH@Z) already defined in Media.lib(imgui_draw.obj); second definition ignored
ImGui.lib(imgui_draw.obj) : warning LNK4006: "public: void __thiscall ImDrawList::AddNgon(struct ImVec2 const &,float,unsigned int,int,float)" (?AddNgon@ImDrawList@@QAEXABUImVec2@@MIHM@Z) already defined in Media.lib(imgui_draw.obj); second definition ignored
ImGui.lib(imgui_draw.obj) : warning LNK4006: "public: void __thiscall ImDrawList::AddNgonFilled(struct ImVec2 const &,float,unsigned int,int)" (?AddNgonFilled@ImDrawList@@QAEXABUImVec2@@MIH@Z) already defined in Media.lib(imgui_draw.obj); second definition ignored
ImGui.lib(imgui_draw.obj) : warning LNK4006: "public: void __thiscall ImDrawList::AddEllipse(struct ImVec2 const &,struct ImVec2 const &,unsigned int,float,int,float)" (?AddEllipse@ImDrawList@@QAEXABUImVec2@@0IMHM@Z) already defined in Media.lib(imgui_draw.obj); second definition ignored
ImGui.lib(imgui_draw.obj) : warning LNK4006: "public: void __thiscall ImDrawList::AddEllipseFilled(struct ImVec2 const &,struct ImVec2 const &,unsigned int,float,int)" (?AddEllipseFilled@ImDrawList@@QAEXABUImVec2@@0IMH@Z) already defined in Media.lib(imgui_draw.obj); second definition ignored
ImGui.lib(imgui_draw.obj) : warning LNK4006: "public: void __thiscall ImDrawList::AddText(struct ImVec2 const &,unsigned int,char const *,char const *)" (?AddText@ImDrawList@@QAEXABUImVec2@@IPBD1@Z) already defined in Media.lib(imgui_draw.obj); second definition ignored
ImGui.lib(imgui_draw.obj) : warning LNK4006: "public: void __thiscall ImDrawList::AddText(struct ImFont *,float,struct ImVec2 const &,unsigned int,char const *,char const *,float,struct ImVec4 const *)" (?AddText@ImDrawList@@QAEXPAUImFont@@MABUImVec2@@IPBD2MPBUImVec4@@@Z) already defined in Media.lib(imgui_draw.obj); second definition ignored
ImGui.lib(imgui_draw.obj) : warning LNK4006: "public: void __thiscall ImDrawList::AddBezierCubic(struct ImVec2 const &,struct ImVec2 const &,struct ImVec2 const &,struct ImVec2 const &,unsigned int,float,int)" (?AddBezierCubic@ImDrawList@@QAEXABUImVec2@@000IMH@Z) already defined in Media.lib(imgui_draw.obj); second definition ignored
ImGui.lib(imgui_draw.obj) : warning LNK4006: "public: void __thiscall ImDrawList::AddBezierQuadratic(struct ImVec2 const &,struct ImVec2 const &,struct ImVec2 const &,unsigned int,float,int)" (?AddBezierQuadratic@ImDrawList@@QAEXABUImVec2@@00IMH@Z) already defined in Media.lib(imgui_draw.obj); second definition ignored
ImGui.lib(imgui_draw.obj) : warning LNK4006: "public: void __thiscall ImDrawList::AddPolyline(struct ImVec2 const *,int,unsigned int,int,float)" (?AddPolyline@ImDrawList@@QAEXPBUImVec2@@HIHM@Z) already defined in Media.lib(imgui_draw.obj); second definition ignored
ImGui.lib(imgui_draw.obj) : warning LNK4006: "public: void __thiscall ImDrawList::AddConvexPolyFilled(struct ImVec2 const *,int,unsigned int)" (?AddConvexPolyFilled@ImDrawList@@QAEXPBUImVec2@@HI@Z) already defined in Media.lib(imgui_draw.obj); second definition ignored
ImGui.lib(imgui_draw.obj) : warning LNK4006: "public: void __thiscall ImDrawList::AddConcavePolyFilled(struct ImVec2 const *,int,unsigned int)" (?AddConcavePolyFilled@ImDrawList@@QAEXPBUImVec2@@HI@Z) already defined in Media.lib(imgui_draw.obj); second definition ignored
ImGui.lib(imgui_draw.obj) : warning LNK4006: "public: void __thiscall ImDrawList::AddImage(struct ImTextureRef,struct ImVec2 const &,struct ImVec2 const &,struct ImVec2 const &,struct ImVec2 const &,unsigned int)" (?AddImage@ImDrawList@@QAEXUImTextureRef@@ABUImVec2@@111I@Z) already defined in Media.lib(imgui_draw.obj); second definition ignored
ImGui.lib(imgui_draw.obj) : warning LNK4006: "public: void __thiscall ImDrawList::AddImageQuad(struct ImTextureRef,struct ImVec2 const &,struct ImVec2 const &,struct ImVec2 const &,struct ImVec2 const &,struct ImVec2 const &,struct ImVec2 const &,struct ImVec2 const &,struct ImVec2 const &,unsigned int)" (?AddImageQuad@ImDrawList@@QAEXUImTextureRef@@ABUImVec2@@1111111I@Z) already defined in Media.lib(imgui_draw.obj); second definition ignored
ImGui.lib(imgui_draw.obj) : warning LNK4006: "public: void __thiscall ImDrawList::AddImageRounded(struct ImTextureRef,struct ImVec2 const &,struct ImVec2 const &,struct ImVec2 const &,struct ImVec2 const &,unsigned int,float,int)" (?AddImageRounded@ImDrawList@@QAEXUImTextureRef@@ABUImVec2@@111IMH@Z) already defined in Media.lib(imgui_draw.obj); second definition ignored
ImGui.lib(imgui_draw.obj) : warning LNK4006: "public: void __thiscall ImDrawList::PathArcTo(struct ImVec2 const &,float,float,float,int)" (?PathArcTo@ImDrawList@@QAEXABUImVec2@@MMMH@Z) already defined in Media.lib(imgui_draw.obj); second definition ignored
ImGui.lib(imgui_draw.obj) : warning LNK4006: "public: void __thiscall ImDrawList::PathArcToFast(struct ImVec2 const &,float,int,int)" (?PathArcToFast@ImDrawList@@QAEXABUImVec2@@MHH@Z) already defined in Media.lib(imgui_draw.obj); second definition ignored
ImGui.lib(imgui_draw.obj) : warning LNK4006: "public: void __thiscall ImDrawList::PathEllipticalArcTo(struct ImVec2 const &,struct ImVec2 const &,float,float,float,int)" (?PathEllipticalArcTo@ImDrawList@@QAEXABUImVec2@@0MMMH@Z) already defined in Media.lib(imgui_draw.obj); second definition ignored
ImGui.lib(imgui_draw.obj) : warning LNK4006: "public: void __thiscall ImDrawList::PathBezierCubicCurveTo(struct ImVec2 const &,struct ImVec2 const &,struct ImVec2 const &,int)" (?PathBezierCubicCurveTo@ImDrawList@@QAEXABUImVec2@@00H@Z) already defined in Media.lib(imgui_draw.obj); second definition ignored
ImGui.lib(imgui_draw.obj) : warning LNK4006: "public: void __thiscall ImDrawList::PathBezierQuadraticCurveTo(struct ImVec2 const &,struct ImVec2 const &,int)" (?PathBezierQuadraticCurveTo@ImDrawList@@QAEXABUImVec2@@0H@Z) already defined in Media.lib(imgui_draw.obj); second definition ignored
ImGui.lib(imgui_draw.obj) : warning LNK4006: "public: void __thiscall ImDrawList::PathRect(struct ImVec2 const &,struct ImVec2 const &,float,int)" (?PathRect@ImDrawList@@QAEXABUImVec2@@0MH@Z) already defined in Media.lib(imgui_draw.obj); second definition ignored
ImGui.lib(imgui_draw.obj) : warning LNK4006: "public: void __thiscall ImDrawList::AddCallback(void (__cdecl*)(struct ImDrawList const *,struct ImDrawCmd const *),void *,unsigned int)" (?AddCallback@ImDrawList@@QAEXP6AXPBU1@PBUImDrawCmd@@@ZPAXI@Z) already defined in Media.lib(imgui_draw.obj); second definition ignored
ImGui.lib(imgui_draw.obj) : warning LNK4006: "public: void __thiscall ImDrawList::AddDrawCmd(void)" (?AddDrawCmd@ImDrawList@@QAEXXZ) already defined in Media.lib(imgui_draw.obj); second definition ignored
ImGui.lib(imgui_draw.obj) : warning LNK4006: "public: struct ImDrawList * __thiscall ImDrawList::CloneOutput(void)const " (?CloneOutput@ImDrawList@@QBEPAU1@XZ) already defined in Media.lib(imgui_draw.obj); second definition ignored
ImGui.lib(imgui_draw.obj) : warning LNK4006: "public: void __thiscall ImDrawList::PrimReserve(int,int)" (?PrimReserve@ImDrawList@@QAEXHH@Z) already defined in Media.lib(imgui_draw.obj); second definition ignored
ImGui.lib(imgui_draw.obj) : warning LNK4006: "public: void __thiscall ImDrawList::PrimUnreserve(int,int)" (?PrimUnreserve@ImDrawList@@QAEXHH@Z) already defined in Media.lib(imgui_draw.obj); second definition ignored
ImGui.lib(imgui_draw.obj) : warning LNK4006: "public: void __thiscall ImDrawList::PrimRect(struct ImVec2 const &,struct ImVec2 const &,unsigned int)" (?PrimRect@ImDrawList@@QAEXABUImVec2@@0I@Z) already defined in Media.lib(imgui_draw.obj); second definition ignored
ImGui.lib(imgui_draw.obj) : warning LNK4006: "public: void __thiscall ImDrawList::PrimRectUV(struct ImVec2 const &,struct ImVec2 const &,struct ImVec2 const &,struct ImVec2 const &,unsigned int)" (?PrimRectUV@ImDrawList@@QAEXABUImVec2@@000I@Z) already defined in Media.lib(imgui_draw.obj); second definition ignored
ImGui.lib(imgui_draw.obj) : warning LNK4006: "public: void __thiscall ImDrawList::PrimQuadUV(struct ImVec2 const &,struct ImVec2 const &,struct ImVec2 const &,struct ImVec2 const &,struct ImVec2 const &,struct ImVec2 const &,struct ImVec2 const &,struct ImVec2 const &,unsigned int)" (?PrimQuadUV@ImDrawList@@QAEXABUImVec2@@0000000I@Z) already defined in Media.lib(imgui_draw.obj); second definition ignored
ImGui.lib(imgui_draw.obj) : warning LNK4006: "public: void __thiscall ImDrawList::_SetDrawListSharedData(struct ImDrawListSharedData *)" (?_SetDrawListSharedData@ImDrawList@@QAEXPAUImDrawListSharedData@@@Z) already defined in Media.lib(imgui_draw.obj); second definition ignored
ImGui.lib(imgui_draw.obj) : warning LNK4006: "public: void __thiscall ImDrawList::_ResetForNewFrame(void)" (?_ResetForNewFrame@ImDrawList@@QAEXXZ) already defined in Media.lib(imgui_draw.obj); second definition ignored
ImGui.lib(imgui_draw.obj) : warning LNK4006: "public: void __thiscall ImDrawList::_ClearFreeMemory(void)" (?_ClearFreeMemory@ImDrawList@@QAEXXZ) already defined in Media.lib(imgui_draw.obj); second definition ignored
ImGui.lib(imgui_draw.obj) : warning LNK4006: "public: void __thiscall ImDrawList::_PopUnusedDrawCmd(void)" (?_PopUnusedDrawCmd@ImDrawList@@QAEXXZ) already defined in Media.lib(imgui_draw.obj); second definition ignored
ImGui.lib(imgui_draw.obj) : warning LNK4006: "public: void __thiscall ImDrawList::_TryMergeDrawCmds(void)" (?_TryMergeDrawCmds@ImDrawList@@QAEXXZ) already defined in Media.lib(imgui_draw.obj); second definition ignored
ImGui.lib(imgui_draw.obj) : warning LNK4006: "public: void __thiscall ImDrawList::_OnChangedClipRect(void)" (?_OnChangedClipRect@ImDrawList@@QAEXXZ) already defined in Media.lib(imgui_draw.obj); second definition ignored
ImGui.lib(imgui_draw.obj) : warning LNK4006: "public: void __thiscall ImDrawList::_OnChangedTexture(void)" (?_OnChangedTexture@ImDrawList@@QAEXXZ) already defined in Media.lib(imgui_draw.obj); second definition ignored
ImGui.lib(imgui_draw.obj) : warning LNK4006: "public: void __thiscall ImDrawList::_OnChangedVtxOffset(void)" (?_OnChangedVtxOffset@ImDrawList@@QAEXXZ) already defined in Media.lib(imgui_draw.obj); second definition ignored
ImGui.lib(imgui_draw.obj) : warning LNK4006: "public: void __thiscall ImDrawList::_SetTexture(struct ImTextureRef)" (?_SetTexture@ImDrawList@@QAEXUImTextureRef@@@Z) already defined in Media.lib(imgui_draw.obj); second definition ignored
ImGui.lib(imgui_draw.obj) : warning LNK4006: "public: int __thiscall ImDrawList::_CalcCircleAutoSegmentCount(float)const " (?_CalcCircleAutoSegmentCount@ImDrawList@@QBEHM@Z) already defined in Media.lib(imgui_draw.obj); second definition ignored
ImGui.lib(imgui_draw.obj) : warning LNK4006: "public: void __thiscall ImDrawList::_PathArcToFastEx(struct ImVec2 const &,float,int,int,int)" (?_PathArcToFastEx@ImDrawList@@QAEXABUImVec2@@MHHH@Z) already defined in Media.lib(imgui_draw.obj); second definition ignored
ImGui.lib(imgui_draw.obj) : warning LNK4006: "public: void __thiscall ImDrawList::_PathArcToN(struct ImVec2 const &,float,float,float,int)" (?_PathArcToN@ImDrawList@@QAEXABUImVec2@@MMMH@Z) already defined in Media.lib(imgui_draw.obj); second definition ignored
ImGui.lib(imgui_draw.obj) : warning LNK4006: "public: void __thiscall ImDrawData::Clear(void)" (?Clear@ImDrawData@@QAEXXZ) already defined in Media.lib(imgui_draw.obj); second definition ignored
ImGui.lib(imgui_draw.obj) : warning LNK4006: "public: void __thiscall ImDrawData::AddDrawList(struct ImDrawList *)" (?AddDrawList@ImDrawData@@QAEXPAUImDrawList@@@Z) already defined in Media.lib(imgui_draw.obj); second definition ignored
ImGui.lib(imgui_draw.obj) : warning LNK4006: "public: void __thiscall ImDrawData::DeIndexAllBuffers(void)" (?DeIndexAllBuffers@ImDrawData@@QAEXXZ) already defined in Media.lib(imgui_draw.obj); second definition ignored
ImGui.lib(imgui_draw.obj) : warning LNK4006: "public: void __thiscall ImDrawData::ScaleClipRects(struct ImVec2 const &)" (?ScaleClipRects@ImDrawData@@QAEXABUImVec2@@@Z) already defined in Media.lib(imgui_draw.obj); second definition ignored
ImGui.lib(imgui_draw.obj) : warning LNK4006: "public: void __thiscall ImTextureData::Create(enum ImTextureFormat,int,int)" (?Create@ImTextureData@@QAEXW4ImTextureFormat@@HH@Z) already defined in Media.lib(imgui_draw.obj); second definition ignored
ImGui.lib(imgui_draw.obj) : warning LNK4006: "public: void __thiscall ImTextureData::DestroyPixels(void)" (?DestroyPixels@ImTextureData@@QAEXXZ) already defined in Media.lib(imgui_draw.obj); second definition ignored
ImGui.lib(imgui_draw.obj) : warning LNK4006: "public: __thiscall ImFontConfig::ImFontConfig(void)" (??0ImFontConfig@@QAE@XZ) already defined in Media.lib(imgui_draw.obj); second definition ignored
ImGui.lib(imgui_draw.obj) : warning LNK4006: "public: void __thiscall ImFontGlyphRangesBuilder::AddText(char const *,char const *)" (?AddText@ImFontGlyphRangesBuilder@@QAEXPBD0@Z) already defined in Media.lib(imgui_draw.obj); second definition ignored
ImGui.lib(imgui_draw.obj) : warning LNK4006: "public: void __thiscall ImFontGlyphRangesBuilder::AddRanges(unsigned short const *)" (?AddRanges@ImFontGlyphRangesBuilder@@QAEXPBG@Z) already defined in Media.lib(imgui_draw.obj); second definition ignored
ImGui.lib(imgui_draw.obj) : warning LNK4006: "public: void __thiscall ImFontGlyphRangesBuilder::BuildRanges(struct ImVector<unsigned short> *)" (?BuildRanges@ImFontGlyphRangesBuilder@@QAEXPAU?$ImVector@G@@@Z) already defined in Media.lib(imgui_draw.obj); second definition ignored
ImGui.lib(imgui_draw.obj) : warning LNK4006: "public: __thiscall ImFontAtlas::ImFontAtlas(void)" (??0ImFontAtlas@@QAE@XZ) already defined in Media.lib(imgui_draw.obj); second definition ignored
ImGui.lib(imgui_draw.obj) : warning LNK4006: "public: __thiscall ImFontAtlas::~ImFontAtlas(void)" (??1ImFontAtlas@@QAE@XZ) already defined in Media.lib(imgui_draw.obj); second definition ignored
ImGui.lib(imgui_draw.obj) : warning LNK4006: "public: struct ImFont * __thiscall ImFontAtlas::AddFont(struct ImFontConfig const *)" (?AddFont@ImFontAtlas@@QAEPAUImFont@@PBUImFontConfig@@@Z) already defined in Media.lib(imgui_draw.obj); second definition ignored
ImGui.lib(imgui_draw.obj) : warning LNK4006: "public: struct ImFont * __thiscall ImFontAtlas::AddFontDefault(struct ImFontConfig const *)" (?AddFontDefault@ImFontAtlas@@QAEPAUImFont@@PBUImFontConfig@@@Z) already defined in Media.lib(imgui_draw.obj); second definition ignored
ImGui.lib(imgui_draw.obj) : warning LNK4006: "public: struct ImFont * __thiscall ImFontAtlas::AddFontDefaultVector(struct ImFontConfig const *)" (?AddFontDefaultVector@ImFontAtlas@@QAEPAUImFont@@PBUImFontConfig@@@Z) already defined in Media.lib(imgui_draw.obj); second definition ignored
ImGui.lib(imgui_draw.obj) : warning LNK4006: "public: struct ImFont * __thiscall ImFontAtlas::AddFontDefaultBitmap(struct ImFontConfig const *)" (?AddFontDefaultBitmap@ImFontAtlas@@QAEPAUImFont@@PBUImFontConfig@@@Z) already defined in Media.lib(imgui_draw.obj); second definition ignored
ImGui.lib(imgui_draw.obj) : warning LNK4006: "public: struct ImFont * __thiscall ImFontAtlas::AddFontFromFileTTF(char const *,float,struct ImFontConfig const *,unsigned short const *)" (?AddFontFromFileTTF@ImFontAtlas@@QAEPAUImFont@@PBDMPBUImFontConfig@@PBG@Z) already defined in Media.lib(imgui_draw.obj); second definition ignored
ImGui.lib(imgui_draw.obj) : warning LNK4006: "public: struct ImFont * __thiscall ImFontAtlas::AddFontFromMemoryTTF(void *,int,float,struct ImFontConfig const *,unsigned short const *)" (?AddFontFromMemoryTTF@ImFontAtlas@@QAEPAUImFont@@PAXHMPBUImFontConfig@@PBG@Z) already defined in Media.lib(imgui_draw.obj); second definition ignored
ImGui.lib(imgui_draw.obj) : warning LNK4006: "public: struct ImFont * __thiscall ImFontAtlas::AddFontFromMemoryCompressedTTF(void const *,int,float,struct ImFontConfig const *,unsigned short const *)" (?AddFontFromMemoryCompressedTTF@ImFontAtlas@@QAEPAUImFont@@PBXHMPBUImFontConfig@@PBG@Z) already defined in Media.lib(imgui_draw.obj); second definition ignored
ImGui.lib(imgui_draw.obj) : warning LNK4006: "public: struct ImFont * __thiscall ImFontAtlas::AddFontFromMemoryCompressedBase85TTF(char const *,float,struct ImFontConfig const *,unsigned short const *)" (?AddFontFromMemoryCompressedBase85TTF@ImFontAtlas@@QAEPAUImFont@@PBDMPBUImFontConfig@@PBG@Z) already defined in Media.lib(imgui_draw.obj); second definition ignored
ImGui.lib(imgui_draw.obj) : warning LNK4006: "public: void __thiscall ImFontAtlas::RemoveFont(struct ImFont *)" (?RemoveFont@ImFontAtlas@@QAEXPAUImFont@@@Z) already defined in Media.lib(imgui_draw.obj); second definition ignored
ImGui.lib(imgui_draw.obj) : warning LNK4006: "public: void __thiscall ImFontAtlas::Clear(void)" (?Clear@ImFontAtlas@@QAEXXZ) already defined in Media.lib(imgui_draw.obj); second definition ignored
ImGui.lib(imgui_draw.obj) : warning LNK4006: "public: void __thiscall ImFontAtlas::CompactCache(void)" (?CompactCache@ImFontAtlas@@QAEXXZ) already defined in Media.lib(imgui_draw.obj); second definition ignored
ImGui.lib(imgui_draw.obj) : warning LNK4006: "public: void __thiscall ImFontAtlas::SetFontLoader(struct ImFontLoader const *)" (?SetFontLoader@ImFontAtlas@@QAEXPBUImFontLoader@@@Z) already defined in Media.lib(imgui_draw.obj); second definition ignored
ImGui.lib(imgui_draw.obj) : warning LNK4006: "public: void __thiscall ImFontAtlas::ClearInputData(void)" (?ClearInputData@ImFontAtlas@@QAEXXZ) already defined in Media.lib(imgui_draw.obj); second definition ignored
ImGui.lib(imgui_draw.obj) : warning LNK4006: "public: void __thiscall ImFontAtlas::ClearFonts(void)" (?ClearFonts@ImFontAtlas@@QAEXXZ) already defined in Media.lib(imgui_draw.obj); second definition ignored
ImGui.lib(imgui_draw.obj) : warning LNK4006: "public: void __thiscall ImFontAtlas::ClearTexData(void)" (?ClearTexData@ImFontAtlas@@QAEXXZ) already defined in Media.lib(imgui_draw.obj); second definition ignored
ImGui.lib(imgui_draw.obj) : warning LNK4006: "public: bool __thiscall ImFontAtlas::Build(void)" (?Build@ImFontAtlas@@QAE_NXZ) already defined in Media.lib(imgui_draw.obj); second definition ignored
ImGui.lib(imgui_draw.obj) : warning LNK4006: "public: void __thiscall ImFontAtlas::GetTexDataAsAlpha8(unsigned char * *,int *,int *,int *)" (?GetTexDataAsAlpha8@ImFontAtlas@@QAEXPAPAEPAH11@Z) already defined in Media.lib(imgui_draw.obj); second definition ignored
ImGui.lib(imgui_draw.obj) : warning LNK4006: "public: void __thiscall ImFontAtlas::GetTexDataAsRGBA32(unsigned char * *,int *,int *,int *)" (?GetTexDataAsRGBA32@ImFontAtlas@@QAEXPAPAEPAH11@Z) already defined in Media.lib(imgui_draw.obj); second definition ignored
ImGui.lib(imgui_draw.obj) : warning LNK4006: "public: unsigned short const * __thiscall ImFontAtlas::GetGlyphRangesDefault(void)" (?GetGlyphRangesDefault@ImFontAtlas@@QAEPBGXZ) already defined in Media.lib(imgui_draw.obj); second definition ignored
ImGui.lib(imgui_draw.obj) : warning LNK4006: "public: unsigned short const * __thiscall ImFontAtlas::GetGlyphRangesGreek(void)" (?GetGlyphRangesGreek@ImFontAtlas@@QAEPBGXZ) already defined in Media.lib(imgui_draw.obj); second definition ignored
ImGui.lib(imgui_draw.obj) : warning LNK4006: "public: unsigned short const * __thiscall ImFontAtlas::GetGlyphRangesKorean(void)" (?GetGlyphRangesKorean@ImFontAtlas@@QAEPBGXZ) already defined in Media.lib(imgui_draw.obj); second definition ignored
ImGui.lib(imgui_draw.obj) : warning LNK4006: "public: unsigned short const * __thiscall ImFontAtlas::GetGlyphRangesJapanese(void)" (?GetGlyphRangesJapanese@ImFontAtlas@@QAEPBGXZ) already defined in Media.lib(imgui_draw.obj); second definition ignored
ImGui.lib(imgui_draw.obj) : warning LNK4006: "public: unsigned short const * __thiscall ImFontAtlas::GetGlyphRangesChineseFull(void)" (?GetGlyphRangesChineseFull@ImFontAtlas@@QAEPBGXZ) already defined in Media.lib(imgui_draw.obj); second definition ignored
ImGui.lib(imgui_draw.obj) : warning LNK4006: "public: unsigned short const * __thiscall ImFontAtlas::GetGlyphRangesChineseSimplifiedCommon(void)" (?GetGlyphRangesChineseSimplifiedCommon@ImFontAtlas@@QAEPBGXZ) already defined in Media.lib(imgui_draw.obj); second definition ignored
ImGui.lib(imgui_draw.obj) : warning LNK4006: "public: unsigned short const * __thiscall ImFontAtlas::GetGlyphRangesCyrillic(void)" (?GetGlyphRangesCyrillic@ImFontAtlas@@QAEPBGXZ) already defined in Media.lib(imgui_draw.obj); second definition ignored
ImGui.lib(imgui_draw.obj) : warning LNK4006: "public: unsigned short const * __thiscall ImFontAtlas::GetGlyphRangesThai(void)" (?GetGlyphRangesThai@ImFontAtlas@@QAEPBGXZ) already defined in Media.lib(imgui_draw.obj); second definition ignored
ImGui.lib(imgui_draw.obj) : warning LNK4006: "public: unsigned short const * __thiscall ImFontAtlas::GetGlyphRangesVietnamese(void)" (?GetGlyphRangesVietnamese@ImFontAtlas@@QAEPBGXZ) already defined in Media.lib(imgui_draw.obj); second definition ignored
ImGui.lib(imgui_draw.obj) : warning LNK4006: "public: int __thiscall ImFontAtlas::AddCustomRect(int,int,struct ImFontAtlasRect *)" (?AddCustomRect@ImFontAtlas@@QAEHHHPAUImFontAtlasRect@@@Z) already defined in Media.lib(imgui_draw.obj); second definition ignored
ImGui.lib(imgui_draw.obj) : warning LNK4006: "public: void __thiscall ImFontAtlas::RemoveCustomRect(int)" (?RemoveCustomRect@ImFontAtlas@@QAEXH@Z) already defined in Media.lib(imgui_draw.obj); second definition ignored
ImGui.lib(imgui_draw.obj) : warning LNK4006: "public: bool __thiscall ImFontAtlas::GetCustomRect(int,struct ImFontAtlasRect *)const " (?GetCustomRect@ImFontAtlas@@QBE_NHPAUImFontAtlasRect@@@Z) already defined in Media.lib(imgui_draw.obj); second definition ignored
ImGui.lib(imgui_draw.obj) : warning LNK4006: "public: int __thiscall ImFontAtlas::AddCustomRectFontGlyph(struct ImFont *,unsigned short,int,int,float,struct ImVec2 const &)" (?AddCustomRectFontGlyph@ImFontAtlas@@QAEHPAUImFont@@GHHMABUImVec2@@@Z) already defined in Media.lib(imgui_draw.obj); second definition ignored
ImGui.lib(imgui_draw.obj) : warning LNK4006: "public: int __thiscall ImFontAtlas::AddCustomRectFontGlyphForSize(struct ImFont *,float,unsigned short,int,int,float,struct ImVec2 const &)" (?AddCustomRectFontGlyphForSize@ImFontAtlas@@QAEHPAUImFont@@MGHHMABUImVec2@@@Z) already defined in Media.lib(imgui_draw.obj); second definition ignored
ImGui.lib(imgui_draw.obj) : warning LNK4006: "public: __thiscall ImFontBaked::ImFontBaked(void)" (??0ImFontBaked@@QAE@XZ) already defined in Media.lib(imgui_draw.obj); second definition ignored
ImGui.lib(imgui_draw.obj) : warning LNK4006: "public: void __thiscall ImFontBaked::ClearOutputData(void)" (?ClearOutputData@ImFontBaked@@QAEXXZ) already defined in Media.lib(imgui_draw.obj); second definition ignored
ImGui.lib(imgui_draw.obj) : warning LNK4006: "public: struct ImFontGlyph * __thiscall ImFontBaked::FindGlyph(unsigned short)" (?FindGlyph@ImFontBaked@@QAEPAUImFontGlyph@@G@Z) already defined in Media.lib(imgui_draw.obj); second definition ignored
ImGui.lib(imgui_draw.obj) : warning LNK4006: "public: struct ImFontGlyph * __thiscall ImFontBaked::FindGlyphNoFallback(unsigned short)" (?FindGlyphNoFallback@ImFontBaked@@QAEPAUImFontGlyph@@G@Z) already defined in Media.lib(imgui_draw.obj); second definition ignored
ImGui.lib(imgui_draw.obj) : warning LNK4006: "public: float __thiscall ImFontBaked::GetCharAdvance(unsigned short)" (?GetCharAdvance@ImFontBaked@@QAEMG@Z) already defined in Media.lib(imgui_draw.obj); second definition ignored
ImGui.lib(imgui_draw.obj) : warning LNK4006: "public: bool __thiscall ImFontBaked::IsGlyphLoaded(unsigned short)" (?IsGlyphLoaded@ImFontBaked@@QAE_NG@Z) already defined in Media.lib(imgui_draw.obj); second definition ignored
ImGui.lib(imgui_draw.obj) : warning LNK4006: "public: __thiscall ImFont::ImFont(void)" (??0ImFont@@QAE@XZ) already defined in Media.lib(imgui_draw.obj); second definition ignored
ImGui.lib(imgui_draw.obj) : warning LNK4006: "public: __thiscall ImFont::~ImFont(void)" (??1ImFont@@QAE@XZ) already defined in Media.lib(imgui_draw.obj); second definition ignored
ImGui.lib(imgui_draw.obj) : warning LNK4006: "public: bool __thiscall ImFont::IsGlyphInFont(unsigned short)" (?IsGlyphInFont@ImFont@@QAE_NG@Z) already defined in Media.lib(imgui_draw.obj); second definition ignored
ImGui.lib(imgui_draw.obj) : warning LNK4006: "public: struct ImFontBaked * __thiscall ImFont::GetFontBaked(float,float)" (?GetFontBaked@ImFont@@QAEPAUImFontBaked@@MM@Z) already defined in Media.lib(imgui_draw.obj); second definition ignored
ImGui.lib(imgui_draw.obj) : warning LNK4006: "public: struct ImVec2 __thiscall ImFont::CalcTextSizeA(float,float,float,char const *,char const *,char const * *)" (?CalcTextSizeA@ImFont@@QAE?AUImVec2@@MMMPBD0PAPBD@Z) already defined in Media.lib(imgui_draw.obj); second definition ignored
ImGui.lib(imgui_draw.obj) : warning LNK4006: "public: char const * __thiscall ImFont::CalcWordWrapPosition(float,char const *,char const *,float)" (?CalcWordWrapPosition@ImFont@@QAEPBDMPBD0M@Z) already defined in Media.lib(imgui_draw.obj); second definition ignored
ImGui.lib(imgui_draw.obj) : warning LNK4006: "public: void __thiscall ImFont::RenderChar(struct ImDrawList *,float,struct ImVec2 const &,unsigned int,unsigned short,struct ImVec4 const *)" (?RenderChar@ImFont@@QAEXPAUImDrawList@@MABUImVec2@@IGPBUImVec4@@@Z) already defined in Media.lib(imgui_draw.obj); second definition ignored
ImGui.lib(imgui_draw.obj) : warning LNK4006: "public: void __thiscall ImFont::RenderText(struct ImDrawList *,float,struct ImVec2 const &,unsigned int,struct ImVec4 const &,char const *,char const *,float,int)" (?RenderText@ImFont@@QAEXPAUImDrawList@@MABUImVec2@@IABUImVec4@@PBD3MH@Z) already defined in Media.lib(imgui_draw.obj); second definition ignored
ImGui.lib(imgui_draw.obj) : warning LNK4006: "public: void __thiscall ImFont::ClearOutputData(void)" (?ClearOutputData@ImFont@@QAEXXZ) already defined in Media.lib(imgui_draw.obj); second definition ignored
ImGui.lib(imgui_draw.obj) : warning LNK4006: "public: void __thiscall ImFont::AddRemapChar(unsigned short,unsigned short)" (?AddRemapChar@ImFont@@QAEXGG@Z) already defined in Media.lib(imgui_draw.obj); second definition ignored
ImGui.lib(imgui_draw.obj) : warning LNK4006: "public: bool __thiscall ImFont::IsGlyphRangeUnused(unsigned int,unsigned int)" (?IsGlyphRangeUnused@ImFont@@QAE_NII@Z) already defined in Media.lib(imgui_draw.obj); second definition ignored
ImGui.lib(imgui_draw.obj) : warning LNK4006: "struct ImVec2 __cdecl ImFontCalcTextSizeEx(struct ImFont *,float,float,float,char const *,char const *,char const *,char const * *,struct ImVec2 *,int)" (?ImFontCalcTextSizeEx@@YA?AUImVec2@@PAUImFont@@MMMPBD11PAPBDPAU1@H@Z) already defined in Media.lib(imgui_draw.obj); second definition ignored
ImGui.lib(imgui_draw.obj) : warning LNK4006: "char const * __cdecl ImFontCalcWordWrapPositionEx(struct ImFont *,float,char const *,char const *,float,int)" (?ImFontCalcWordWrapPositionEx@@YAPBDPAUImFont@@MPBD1MH@Z) already defined in Media.lib(imgui_draw.obj); second definition ignored
ImGui.lib(imgui_draw.obj) : warning LNK4006: "char const * __cdecl ImTextCalcWordWrapNextLineStart(char const *,char const *,int)" (?ImTextCalcWordWrapNextLineStart@@YAPBDPBD0H@Z) already defined in Media.lib(imgui_draw.obj); second definition ignored
ImGui.lib(imgui_draw.obj) : warning LNK4006: "void __cdecl ImTextInitClassifiers(void)" (?ImTextInitClassifiers@@YAXXZ) already defined in Media.lib(imgui_draw.obj); second definition ignored
ImGui.lib(imgui_draw.obj) : warning LNK4006: "void __cdecl ImTextClassifierClear(unsigned int *,unsigned int,unsigned int,enum ImWcharClass)" (?ImTextClassifierClear@@YAXPAIIIW4ImWcharClass@@@Z) already defined in Media.lib(imgui_draw.obj); second definition ignored
ImGui.lib(imgui_draw.obj) : warning LNK4006: "void __cdecl ImTextClassifierSetCharClass(unsigned int *,unsigned int,unsigned int,enum ImWcharClass,unsigned int)" (?ImTextClassifierSetCharClass@@YAXPAIIIW4ImWcharClass@@I@Z) already defined in Media.lib(imgui_draw.obj); second definition ignored
ImGui.lib(imgui_draw.obj) : warning LNK4006: "void __cdecl ImTextClassifierSetCharClassFromStr(unsigned int *,unsigned int,unsigned int,enum ImWcharClass,char const *)" (?ImTextClassifierSetCharClassFromStr@@YAXPAIIIW4ImWcharClass@@PBD@Z) already defined in Media.lib(imgui_draw.obj); second definition ignored
ImGui.lib(imgui_draw.obj) : warning LNK4006: "struct ImVec2 __cdecl ImBezierCubicCalc(struct ImVec2 const &,struct ImVec2 const &,struct ImVec2 const &,struct ImVec2 const &,float)" (?ImBezierCubicCalc@@YA?AUImVec2@@ABU1@000M@Z) already defined in Media.lib(imgui_draw.obj); second definition ignored
ImGui.lib(imgui_draw.obj) : warning LNK4006: "struct ImVec2 __cdecl ImBezierQuadraticCalc(struct ImVec2 const &,struct ImVec2 const &,struct ImVec2 const &,float)" (?ImBezierQuadraticCalc@@YA?AUImVec2@@ABU1@00M@Z) already defined in Media.lib(imgui_draw.obj); second definition ignored
ImGui.lib(imgui_draw.obj) : warning LNK4006: "public: __thiscall ImDrawListSharedData::ImDrawListSharedData(void)" (??0ImDrawListSharedData@@QAE@XZ) already defined in Media.lib(imgui_draw.obj); second definition ignored
ImGui.lib(imgui_draw.obj) : warning LNK4006: "public: __thiscall ImDrawListSharedData::~ImDrawListSharedData(void)" (??1ImDrawListSharedData@@QAE@XZ) already defined in Media.lib(imgui_draw.obj); second definition ignored
ImGui.lib(imgui_draw.obj) : warning LNK4006: "public: void __thiscall ImDrawListSharedData::SetCircleTessellationMaxError(float)" (?SetCircleTessellationMaxError@ImDrawListSharedData@@QAEXM@Z) already defined in Media.lib(imgui_draw.obj); second definition ignored
ImGui.lib(imgui_draw.obj) : warning LNK4006: "void __cdecl ImGui::AddDrawListToDrawDataEx(struct ImDrawData *,struct ImVector<struct ImDrawList *> *,struct ImDrawList *)" (?AddDrawListToDrawDataEx@ImGui@@YAXPAUImDrawData@@PAU?$ImVector@PAUImDrawList@@@@PAUImDrawList@@@Z) already defined in Media.lib(imgui_draw.obj); second definition ignored
ImGui.lib(imgui_draw.obj) : warning LNK4006: "void __cdecl ImGui::RenderColorRectWithAlphaCheckerboard(struct ImDrawList *,struct ImVec2,struct ImVec2,unsigned int,float,struct ImVec2,float,int)" (?RenderColorRectWithAlphaCheckerboard@ImGui@@YAXPAUImDrawList@@UImVec2@@1IM1MH@Z) already defined in Media.lib(imgui_draw.obj); second definition ignored
ImGui.lib(imgui_draw.obj) : warning LNK4006: "void __cdecl ImGui::RenderArrow(struct ImDrawList *,struct ImVec2,unsigned int,enum ImGuiDir,float)" (?RenderArrow@ImGui@@YAXPAUImDrawList@@UImVec2@@IW4ImGuiDir@@M@Z) already defined in Media.lib(imgui_draw.obj); second definition ignored
ImGui.lib(imgui_draw.obj) : warning LNK4006: "void __cdecl ImGui::RenderBullet(struct ImDrawList *,struct ImVec2,unsigned int)" (?RenderBullet@ImGui@@YAXPAUImDrawList@@UImVec2@@I@Z) already defined in Media.lib(imgui_draw.obj); second definition ignored
ImGui.lib(imgui_draw.obj) : warning LNK4006: "void __cdecl ImGui::RenderCheckMark(struct ImDrawList *,struct ImVec2,unsigned int,float)" (?RenderCheckMark@ImGui@@YAXPAUImDrawList@@UImVec2@@IM@Z) already defined in Media.lib(imgui_draw.obj); second definition ignored
ImGui.lib(imgui_draw.obj) : warning LNK4006: "void __cdecl ImGui::RenderArrowPointingAt(struct ImDrawList *,struct ImVec2,struct ImVec2,enum ImGuiDir,unsigned int)" (?RenderArrowPointingAt@ImGui@@YAXPAUImDrawList@@UImVec2@@1W4ImGuiDir@@I@Z) already defined in Media.lib(imgui_draw.obj); second definition ignored
ImGui.lib(imgui_draw.obj) : warning LNK4006: "void __cdecl ImGui::RenderArrowDockMenu(struct ImDrawList *,struct ImVec2,float,unsigned int)" (?RenderArrowDockMenu@ImGui@@YAXPAUImDrawList@@UImVec2@@MI@Z) already defined in Media.lib(imgui_draw.obj); second definition ignored
ImGui.lib(imgui_draw.obj) : warning LNK4006: "void __cdecl ImGui::RenderRectFilledInRangeH(struct ImDrawList *,struct ImRect const &,unsigned int,float,float,float)" (?RenderRectFilledInRangeH@ImGui@@YAXPAUImDrawList@@ABUImRect@@IMMM@Z) already defined in Media.lib(imgui_draw.obj); second definition ignored
ImGui.lib(imgui_draw.obj) : warning LNK4006: "void __cdecl ImGui::RenderRectFilledWithHole(struct ImDrawList *,struct ImRect const &,struct ImRect const &,unsigned int,float)" (?RenderRectFilledWithHole@ImGui@@YAXPAUImDrawList@@ABUImRect@@1IM@Z) already defined in Media.lib(imgui_draw.obj); second definition ignored
ImGui.lib(imgui_draw.obj) : warning LNK4006: "int __cdecl ImGui::CalcRoundingFlagsForRectInRect(struct ImRect const &,struct ImRect const &,float)" (?CalcRoundingFlagsForRectInRect@ImGui@@YAHABUImRect@@0M@Z) already defined in Media.lib(imgui_draw.obj); second definition ignored
ImGui.lib(imgui_draw.obj) : warning LNK4006: "void __cdecl ImGui::ShadeVertsLinearColorGradientKeepAlpha(struct ImDrawList *,int,int,struct ImVec2,struct ImVec2,unsigned int,unsigned int)" (?ShadeVertsLinearColorGradientKeepAlpha@ImGui@@YAXPAUImDrawList@@HHUImVec2@@1II@Z) already defined in Media.lib(imgui_draw.obj); second definition ignored
ImGui.lib(imgui_draw.obj) : warning LNK4006: "void __cdecl ImGui::ShadeVertsLinearUV(struct ImDrawList *,int,int,struct ImVec2 const &,struct ImVec2 const &,struct ImVec2 const &,struct ImVec2 const &,bool)" (?ShadeVertsLinearUV@ImGui@@YAXPAUImDrawList@@HHABUImVec2@@111_N@Z) already defined in Media.lib(imgui_draw.obj); second definition ignored
ImGui.lib(imgui_draw.obj) : warning LNK4006: "void __cdecl ImGui::ShadeVertsTransformPos(struct ImDrawList *,int,int,struct ImVec2 const &,float,float,struct ImVec2 const &)" (?ShadeVertsTransformPos@ImGui@@YAXPAUImDrawList@@HHABUImVec2@@MM1@Z) already defined in Media.lib(imgui_draw.obj); second definition ignored
ImGui.lib(imgui_draw.obj) : warning LNK4006: "struct ImFontLoader const * __cdecl ImFontAtlasGetFontLoaderForStbTruetype(void)" (?ImFontAtlasGetFontLoaderForStbTruetype@@YAPBUImFontLoader@@XZ) already defined in Media.lib(imgui_draw.obj); second definition ignored
ImGui.lib(imgui_draw.obj) : warning LNK4006: "void __cdecl ImFontAtlasBuildInit(struct ImFontAtlas *)" (?ImFontAtlasBuildInit@@YAXPAUImFontAtlas@@@Z) already defined in Media.lib(imgui_draw.obj); second definition ignored
ImGui.lib(imgui_draw.obj) : warning LNK4006: "void __cdecl ImFontAtlasBuildDestroy(struct ImFontAtlas *)" (?ImFontAtlasBuildDestroy@@YAXPAUImFontAtlas@@@Z) already defined in Media.lib(imgui_draw.obj); second definition ignored
ImGui.lib(imgui_draw.obj) : warning LNK4006: "void __cdecl ImFontAtlasBuildMain(struct ImFontAtlas *)" (?ImFontAtlasBuildMain@@YAXPAUImFontAtlas@@@Z) already defined in Media.lib(imgui_draw.obj); second definition ignored
ImGui.lib(imgui_draw.obj) : warning LNK4006: "void __cdecl ImFontAtlasBuildSetupFontLoader(struct ImFontAtlas *,struct ImFontLoader const *)" (?ImFontAtlasBuildSetupFontLoader@@YAXPAUImFontAtlas@@PBUImFontLoader@@@Z) already defined in Media.lib(imgui_draw.obj); second definition ignored
ImGui.lib(imgui_draw.obj) : warning LNK4006: "void __cdecl ImFontAtlasBuildNotifySetFont(struct ImFontAtlas *,struct ImFont *,struct ImFont *)" (?ImFontAtlasBuildNotifySetFont@@YAXPAUImFontAtlas@@PAUImFont@@1@Z) already defined in Media.lib(imgui_draw.obj); second definition ignored
ImGui.lib(imgui_draw.obj) : warning LNK4006: "void __cdecl ImFontAtlasBuildUpdatePointers(struct ImFontAtlas *)" (?ImFontAtlasBuildUpdatePointers@@YAXPAUImFontAtlas@@@Z) already defined in Media.lib(imgui_draw.obj); second definition ignored
ImGui.lib(imgui_draw.obj) : warning LNK4006: "void __cdecl ImFontAtlasBuildRenderBitmapFromString(struct ImFontAtlas *,int,int,int,int,char const *,char)" (?ImFontAtlasBuildRenderBitmapFromString@@YAXPAUImFontAtlas@@HHHHPBDD@Z) already defined in Media.lib(imgui_draw.obj); second definition ignored
ImGui.lib(imgui_draw.obj) : warning LNK4006: "void __cdecl ImFontAtlasBuildClear(struct ImFontAtlas *)" (?ImFontAtlasBuildClear@@YAXPAUImFontAtlas@@@Z) already defined in Media.lib(imgui_draw.obj); second definition ignored
ImGui.lib(imgui_draw.obj) : warning LNK4006: "struct ImTextureData * __cdecl ImFontAtlasTextureAdd(struct ImFontAtlas *,int,int)" (?ImFontAtlasTextureAdd@@YAPAUImTextureData@@PAUImFontAtlas@@HH@Z) already defined in Media.lib(imgui_draw.obj); second definition ignored
ImGui.lib(imgui_draw.obj) : warning LNK4006: "void __cdecl ImFontAtlasTextureMakeSpace(struct ImFontAtlas *)" (?ImFontAtlasTextureMakeSpace@@YAXPAUImFontAtlas@@@Z) already defined in Media.lib(imgui_draw.obj); second definition ignored
ImGui.lib(imgui_draw.obj) : warning LNK4006: "void __cdecl ImFontAtlasTextureRepack(struct ImFontAtlas *,int,int)" (?ImFontAtlasTextureRepack@@YAXPAUImFontAtlas@@HH@Z) already defined in Media.lib(imgui_draw.obj); second definition ignored
ImGui.lib(imgui_draw.obj) : warning LNK4006: "void __cdecl ImFontAtlasTextureGrow(struct ImFontAtlas *,int,int)" (?ImFontAtlasTextureGrow@@YAXPAUImFontAtlas@@HH@Z) already defined in Media.lib(imgui_draw.obj); second definition ignored
ImGui.lib(imgui_draw.obj) : warning LNK4006: "void __cdecl ImFontAtlasTextureCompact(struct ImFontAtlas *)" (?ImFontAtlasTextureCompact@@YAXPAUImFontAtlas@@@Z) already defined in Media.lib(imgui_draw.obj); second definition ignored
ImGui.lib(imgui_draw.obj) : warning LNK4006: "struct ImVec2i __cdecl ImFontAtlasTextureGetSizeEstimate(struct ImFontAtlas *)" (?ImFontAtlasTextureGetSizeEstimate@@YA?AUImVec2i@@PAUImFontAtlas@@@Z) already defined in Media.lib(imgui_draw.obj); second definition ignored
ImGui.lib(imgui_draw.obj) : warning LNK4006: "void __cdecl ImFontAtlasBuildSetupFontSpecialGlyphs(struct ImFontAtlas *,struct ImFont *,struct ImFontConfig *)" (?ImFontAtlasBuildSetupFontSpecialGlyphs@@YAXPAUImFontAtlas@@PAUImFont@@PAUImFontConfig@@@Z) already defined in Media.lib(imgui_draw.obj); second definition ignored
ImGui.lib(imgui_draw.obj) : warning LNK4006: "void __cdecl ImFontAtlasBuildLegacyPreloadAllGlyphRanges(struct ImFontAtlas *)" (?ImFontAtlasBuildLegacyPreloadAllGlyphRanges@@YAXPAUImFontAtlas@@@Z) already defined in Media.lib(imgui_draw.obj); second definition ignored
ImGui.lib(imgui_draw.obj) : warning LNK4006: "void __cdecl ImFontAtlasBuildGetOversampleFactors(struct ImFontConfig *,struct ImFontBaked *,int *,int *)" (?ImFontAtlasBuildGetOversampleFactors@@YAXPAUImFontConfig@@PAUImFontBaked@@PAH2@Z) already defined in Media.lib(imgui_draw.obj); second definition ignored
ImGui.lib(imgui_draw.obj) : warning LNK4006: "void __cdecl ImFontAtlasBuildDiscardBakes(struct ImFontAtlas *,int)" (?ImFontAtlasBuildDiscardBakes@@YAXPAUImFontAtlas@@H@Z) already defined in Media.lib(imgui_draw.obj); second definition ignored
ImGui.lib(imgui_draw.obj) : warning LNK4006: "bool __cdecl ImFontAtlasFontSourceInit(struct ImFontAtlas *,struct ImFontConfig *)" (?ImFontAtlasFontSourceInit@@YA_NPAUImFontAtlas@@PAUImFontConfig@@@Z) already defined in Media.lib(imgui_draw.obj); second definition ignored
ImGui.lib(imgui_draw.obj) : warning LNK4006: "void __cdecl ImFontAtlasFontSourceAddToFont(struct ImFontAtlas *,struct ImFont *,struct ImFontConfig *)" (?ImFontAtlasFontSourceAddToFont@@YAXPAUImFontAtlas@@PAUImFont@@PAUImFontConfig@@@Z) already defined in Media.lib(imgui_draw.obj); second definition ignored
ImGui.lib(imgui_draw.obj) : warning LNK4006: "void __cdecl ImFontAtlasFontDestroySourceData(struct ImFontAtlas *,struct ImFontConfig *)" (?ImFontAtlasFontDestroySourceData@@YAXPAUImFontAtlas@@PAUImFontConfig@@@Z) already defined in Media.lib(imgui_draw.obj); second definition ignored
ImGui.lib(imgui_draw.obj) : warning LNK4006: "bool __cdecl ImFontAtlasFontInitOutput(struct ImFontAtlas *,struct ImFont *)" (?ImFontAtlasFontInitOutput@@YA_NPAUImFontAtlas@@PAUImFont@@@Z) already defined in Media.lib(imgui_draw.obj); second definition ignored
ImGui.lib(imgui_draw.obj) : warning LNK4006: "void __cdecl ImFontAtlasFontDestroyOutput(struct ImFontAtlas *,struct ImFont *)" (?ImFontAtlasFontDestroyOutput@@YAXPAUImFontAtlas@@PAUImFont@@@Z) already defined in Media.lib(imgui_draw.obj); second definition ignored
ImGui.lib(imgui_draw.obj) : warning LNK4006: "void __cdecl ImFontAtlasFontRebuildOutput(struct ImFontAtlas *,struct ImFont *)" (?ImFontAtlasFontRebuildOutput@@YAXPAUImFontAtlas@@PAUImFont@@@Z) already defined in Media.lib(imgui_draw.obj); second definition ignored
ImGui.lib(imgui_draw.obj) : warning LNK4006: "void __cdecl ImFontAtlasFontDiscardBakes(struct ImFontAtlas *,struct ImFont *,int)" (?ImFontAtlasFontDiscardBakes@@YAXPAUImFontAtlas@@PAUImFont@@H@Z) already defined in Media.lib(imgui_draw.obj); second definition ignored
ImGui.lib(imgui_draw.obj) : warning LNK4006: "unsigned int __cdecl ImFontAtlasBakedGetId(unsigned int,float,float)" (?ImFontAtlasBakedGetId@@YAIIMM@Z) already defined in Media.lib(imgui_draw.obj); second definition ignored
ImGui.lib(imgui_draw.obj) : warning LNK4006: "struct ImFontBaked * __cdecl ImFontAtlasBakedGetOrAdd(struct ImFontAtlas *,struct ImFont *,float,float)" (?ImFontAtlasBakedGetOrAdd@@YAPAUImFontBaked@@PAUImFontAtlas@@PAUImFont@@MM@Z) already defined in Media.lib(imgui_draw.obj); second definition ignored
ImGui.lib(imgui_draw.obj) : warning LNK4006: "struct ImFontBaked * __cdecl ImFontAtlasBakedGetClosestMatch(struct ImFontAtlas *,struct ImFont *,float,float)" (?ImFontAtlasBakedGetClosestMatch@@YAPAUImFontBaked@@PAUImFontAtlas@@PAUImFont@@MM@Z) already defined in Media.lib(imgui_draw.obj); second definition ignored
ImGui.lib(imgui_draw.obj) : warning LNK4006: "struct ImFontBaked * __cdecl ImFontAtlasBakedAdd(struct ImFontAtlas *,struct ImFont *,float,float,unsigned int)" (?ImFontAtlasBakedAdd@@YAPAUImFontBaked@@PAUImFontAtlas@@PAUImFont@@MMI@Z) already defined in Media.lib(imgui_draw.obj); second definition ignored
ImGui.lib(imgui_draw.obj) : warning LNK4006: "void __cdecl ImFontAtlasBakedDiscard(struct ImFontAtlas *,struct ImFont *,struct ImFontBaked *)" (?ImFontAtlasBakedDiscard@@YAXPAUImFontAtlas@@PAUImFont@@PAUImFontBaked@@@Z) already defined in Media.lib(imgui_draw.obj); second definition ignored
ImGui.lib(imgui_draw.obj) : warning LNK4006: "struct ImFontGlyph * __cdecl ImFontAtlasBakedAddFontGlyph(struct ImFontAtlas *,struct ImFontBaked *,struct ImFontConfig *,struct ImFontGlyph const *)" (?ImFontAtlasBakedAddFontGlyph@@YAPAUImFontGlyph@@PAUImFontAtlas@@PAUImFontBaked@@PAUImFontConfig@@PBU1@@Z) already defined in Media.lib(imgui_draw.obj); second definition ignored
ImGui.lib(imgui_draw.obj) : warning LNK4006: "void __cdecl ImFontAtlasBakedAddFontGlyphAdvancedX(struct ImFontAtlas *,struct ImFontBaked *,struct ImFontConfig *,unsigned short,float)" (?ImFontAtlasBakedAddFontGlyphAdvancedX@@YAXPAUImFontAtlas@@PAUImFontBaked@@PAUImFontConfig@@GM@Z) already defined in Media.lib(imgui_draw.obj); second definition ignored
ImGui.lib(imgui_draw.obj) : warning LNK4006: "void __cdecl ImFontAtlasBakedDiscardFontGlyph(struct ImFontAtlas *,struct ImFont *,struct ImFontBaked *,struct ImFontGlyph *)" (?ImFontAtlasBakedDiscardFontGlyph@@YAXPAUImFontAtlas@@PAUImFont@@PAUImFontBaked@@PAUImFontGlyph@@@Z) already defined in Media.lib(imgui_draw.obj); second definition ignored
ImGui.lib(imgui_draw.obj) : warning LNK4006: "void __cdecl ImFontAtlasBakedSetFontGlyphBitmap(struct ImFontAtlas *,struct ImFontBaked *,struct ImFontConfig *,struct ImFontGlyph *,struct ImTextureRect *,unsigned char const *,enum ImTextureFormat,int)" (?ImFontAtlasBakedSetFontGlyphBitmap@@YAXPAUImFontAtlas@@PAUImFontBaked@@PAUImFontConfig@@PAUImFontGlyph@@PAUImTextureRect@@PBEW4ImTextureFormat@@H@Z) already defined in Media.lib(imgui_draw.obj); second definition ignored
ImGui.lib(imgui_draw.obj) : warning LNK4006: "void __cdecl ImFontAtlasPackInit(struct ImFontAtlas *)" (?ImFontAtlasPackInit@@YAXPAUImFontAtlas@@@Z) already defined in Media.lib(imgui_draw.obj); second definition ignored
ImGui.lib(imgui_draw.obj) : warning LNK4006: "int __cdecl ImFontAtlasPackAddRect(struct ImFontAtlas *,int,int,struct ImFontAtlasRectEntry *)" (?ImFontAtlasPackAddRect@@YAHPAUImFontAtlas@@HHPAUImFontAtlasRectEntry@@@Z) already defined in Media.lib(imgui_draw.obj); second definition ignored
ImGui.lib(imgui_draw.obj) : warning LNK4006: "struct ImTextureRect * __cdecl ImFontAtlasPackGetRect(struct ImFontAtlas *,int)" (?ImFontAtlasPackGetRect@@YAPAUImTextureRect@@PAUImFontAtlas@@H@Z) already defined in Media.lib(imgui_draw.obj); second definition ignored
ImGui.lib(imgui_draw.obj) : warning LNK4006: "struct ImTextureRect * __cdecl ImFontAtlasPackGetRectSafe(struct ImFontAtlas *,int)" (?ImFontAtlasPackGetRectSafe@@YAPAUImTextureRect@@PAUImFontAtlas@@H@Z) already defined in Media.lib(imgui_draw.obj); second definition ignored
ImGui.lib(imgui_draw.obj) : warning LNK4006: "void __cdecl ImFontAtlasPackDiscardRect(struct ImFontAtlas *,int)" (?ImFontAtlasPackDiscardRect@@YAXPAUImFontAtlas@@H@Z) already defined in Media.lib(imgui_draw.obj); second definition ignored
ImGui.lib(imgui_draw.obj) : warning LNK4006: "void __cdecl ImFontAtlasUpdateNewFrame(struct ImFontAtlas *,int,bool)" (?ImFontAtlasUpdateNewFrame@@YAXPAUImFontAtlas@@H_N@Z) already defined in Media.lib(imgui_draw.obj); second definition ignored
ImGui.lib(imgui_draw.obj) : warning LNK4006: "void __cdecl ImFontAtlasAddDrawListSharedData(struct ImFontAtlas *,struct ImDrawListSharedData *)" (?ImFontAtlasAddDrawListSharedData@@YAXPAUImFontAtlas@@PAUImDrawListSharedData@@@Z) already defined in Media.lib(imgui_draw.obj); second definition ignored
ImGui.lib(imgui_draw.obj) : warning LNK4006: "void __cdecl ImFontAtlasRemoveDrawListSharedData(struct ImFontAtlas *,struct ImDrawListSharedData *)" (?ImFontAtlasRemoveDrawListSharedData@@YAXPAUImFontAtlas@@PAUImDrawListSharedData@@@Z) already defined in Media.lib(imgui_draw.obj); second definition ignored
ImGui.lib(imgui_draw.obj) : warning LNK4006: "void __cdecl ImFontAtlasUpdateDrawListsTextures(struct ImFontAtlas *,struct ImTextureRef,struct ImTextureRef)" (?ImFontAtlasUpdateDrawListsTextures@@YAXPAUImFontAtlas@@UImTextureRef@@1@Z) already defined in Media.lib(imgui_draw.obj); second definition ignored
ImGui.lib(imgui_draw.obj) : warning LNK4006: "void __cdecl ImFontAtlasUpdateDrawListsSharedData(struct ImFontAtlas *)" (?ImFontAtlasUpdateDrawListsSharedData@@YAXPAUImFontAtlas@@@Z) already defined in Media.lib(imgui_draw.obj); second definition ignored
ImGui.lib(imgui_draw.obj) : warning LNK4006: "void __cdecl ImFontAtlasTextureBlockConvert(unsigned char const *,enum ImTextureFormat,int,unsigned char *,enum ImTextureFormat,int,int,int)" (?ImFontAtlasTextureBlockConvert@@YAXPBEW4ImTextureFormat@@HPAE1HHH@Z) already defined in Media.lib(imgui_draw.obj); second definition ignored
ImGui.lib(imgui_draw.obj) : warning LNK4006: "void __cdecl ImFontAtlasTextureBlockPostProcess(struct ImFontAtlasPostProcessData *)" (?ImFontAtlasTextureBlockPostProcess@@YAXPAUImFontAtlasPostProcessData@@@Z) already defined in Media.lib(imgui_draw.obj); second definition ignored
ImGui.lib(imgui_draw.obj) : warning LNK4006: "void __cdecl ImFontAtlasTextureBlockPostProcessMultiply(struct ImFontAtlasPostProcessData *,float)" (?ImFontAtlasTextureBlockPostProcessMultiply@@YAXPAUImFontAtlasPostProcessData@@M@Z) already defined in Media.lib(imgui_draw.obj); second definition ignored
ImGui.lib(imgui_draw.obj) : warning LNK4006: "void __cdecl ImFontAtlasTextureBlockFill(struct ImTextureData *,int,int,int,int,unsigned int)" (?ImFontAtlasTextureBlockFill@@YAXPAUImTextureData@@HHHHI@Z) already defined in Media.lib(imgui_draw.obj); second definition ignored
ImGui.lib(imgui_draw.obj) : warning LNK4006: "void __cdecl ImFontAtlasTextureBlockCopy(struct ImTextureData *,int,int,struct ImTextureData *,int,int,int,int)" (?ImFontAtlasTextureBlockCopy@@YAXPAUImTextureData@@HH0HHHH@Z) already defined in Media.lib(imgui_draw.obj); second definition ignored
ImGui.lib(imgui_draw.obj) : warning LNK4006: "void __cdecl ImFontAtlasTextureBlockQueueUpload(struct ImFontAtlas *,struct ImTextureData *,int,int,int,int)" (?ImFontAtlasTextureBlockQueueUpload@@YAXPAUImFontAtlas@@PAUImTextureData@@HHHH@Z) already defined in Media.lib(imgui_draw.obj); second definition ignored
ImGui.lib(imgui_draw.obj) : warning LNK4006: "int __cdecl ImTextureDataGetFormatBytesPerPixel(enum ImTextureFormat)" (?ImTextureDataGetFormatBytesPerPixel@@YAHW4ImTextureFormat@@@Z) already defined in Media.lib(imgui_draw.obj); second definition ignored
ImGui.lib(imgui_draw.obj) : warning LNK4006: "char const * __cdecl ImTextureDataGetStatusName(enum ImTextureStatus)" (?ImTextureDataGetStatusName@@YAPBDW4ImTextureStatus@@@Z) already defined in Media.lib(imgui_draw.obj); second definition ignored
ImGui.lib(imgui_draw.obj) : warning LNK4006: "char const * __cdecl ImTextureDataGetFormatName(enum ImTextureFormat)" (?ImTextureDataGetFormatName@@YAPBDW4ImTextureFormat@@@Z) already defined in Media.lib(imgui_draw.obj); second definition ignored
ImGui.lib(imgui_draw.obj) : warning LNK4006: "void __cdecl ImFontAtlasDebugLogTextureRequests(struct ImFontAtlas *)" (?ImFontAtlasDebugLogTextureRequests@@YAXPAUImFontAtlas@@@Z) already defined in Media.lib(imgui_draw.obj); second definition ignored
ImGui.lib(imgui_draw.obj) : warning LNK4006: "bool __cdecl ImFontAtlasGetMouseCursorTexData(struct ImFontAtlas *,int,struct ImVec2 *,struct ImVec2 *,struct ImVec2 * const,struct ImVec2 * const)" (?ImFontAtlasGetMouseCursorTexData@@YA_NPAUImFontAtlas@@HPAUImVec2@@1QAU2@2@Z) already defined in Media.lib(imgui_draw.obj); second definition ignored
ImGui.lib(imgui_draw.obj) : warning LNK4006: "public: void __thiscall ImTriangulator::Init(struct ImVec2 const *,int,void *)" (?Init@ImTriangulator@@QAEXPBUImVec2@@HPAX@Z) already defined in Media.lib(imgui_draw.obj); second definition ignored
ImGui.lib(imgui_draw.obj) : warning LNK4006: "public: void __thiscall ImTriangulator::GetNextTriangle(unsigned int * const)" (?GetNextTriangle@ImTriangulator@@QAEXQAI@Z) already defined in Media.lib(imgui_draw.obj); second definition ignored
ImGui.lib(imgui_draw.obj) : warning LNK4006: "public: void __thiscall ImTriangulator::BuildNodes(struct ImVec2 const *,int)" (?BuildNodes@ImTriangulator@@QAEXPBUImVec2@@H@Z) already defined in Media.lib(imgui_draw.obj); second definition ignored
ImGui.lib(imgui_draw.obj) : warning LNK4006: "public: void __thiscall ImTriangulator::BuildReflexes(void)" (?BuildReflexes@ImTriangulator@@QAEXXZ) already defined in Media.lib(imgui_draw.obj); second definition ignored
ImGui.lib(imgui_draw.obj) : warning LNK4006: "public: void __thiscall ImTriangulator::BuildEars(void)" (?BuildEars@ImTriangulator@@QAEXXZ) already defined in Media.lib(imgui_draw.obj); second definition ignored
ImGui.lib(imgui_draw.obj) : warning LNK4006: "public: void __thiscall ImTriangulator::FlipNodeList(void)" (?FlipNodeList@ImTriangulator@@QAEXXZ) already defined in Media.lib(imgui_draw.obj); second definition ignored
ImGui.lib(imgui_draw.obj) : warning LNK4006: "public: bool __thiscall ImTriangulator::IsEar(int,int,int,struct ImVec2 const &,struct ImVec2 const &,struct ImVec2 const &)const " (?IsEar@ImTriangulator@@QBE_NHHHABUImVec2@@00@Z) already defined in Media.lib(imgui_draw.obj); second definition ignored
ImGui.lib(imgui_draw.obj) : warning LNK4006: "public: void __thiscall ImTriangulator::ReclassifyNode(struct ImTriangulatorNode *)" (?ReclassifyNode@ImTriangulator@@QAEXPAUImTriangulatorNode@@@Z) already defined in Media.lib(imgui_draw.obj); second definition ignored
ImGui.lib(imgui_tables.obj) : warning LNK4006: "bool __cdecl ImGui::BeginTable(char const *,int,int,struct ImVec2 const &,float)" (?BeginTable@ImGui@@YA_NPBDHHABUImVec2@@M@Z) already defined in Media.lib(imgui_tables.obj); second definition ignored
ImGui.lib(imgui_tables.obj) : warning LNK4006: "void __cdecl ImGui::EndTable(void)" (?EndTable@ImGui@@YAXXZ) already defined in Media.lib(imgui_tables.obj); second definition ignored
ImGui.lib(imgui_tables.obj) : warning LNK4006: "void __cdecl ImGui::TableNextRow(int,float)" (?TableNextRow@ImGui@@YAXHM@Z) already defined in Media.lib(imgui_tables.obj); second definition ignored
ImGui.lib(imgui_tables.obj) : warning LNK4006: "bool __cdecl ImGui::TableNextColumn(void)" (?TableNextColumn@ImGui@@YA_NXZ) already defined in Media.lib(imgui_tables.obj); second definition ignored
ImGui.lib(imgui_tables.obj) : warning LNK4006: "bool __cdecl ImGui::TableSetColumnIndex(int)" (?TableSetColumnIndex@ImGui@@YA_NH@Z) already defined in Media.lib(imgui_tables.obj); second definition ignored
ImGui.lib(imgui_tables.obj) : warning LNK4006: "void __cdecl ImGui::TableSetupColumn(char const *,int,float,unsigned int)" (?TableSetupColumn@ImGui@@YAXPBDHMI@Z) already defined in Media.lib(imgui_tables.obj); second definition ignored
ImGui.lib(imgui_tables.obj) : warning LNK4006: "void __cdecl ImGui::TableSetupScrollFreeze(int,int)" (?TableSetupScrollFreeze@ImGui@@YAXHH@Z) already defined in Media.lib(imgui_tables.obj); second definition ignored
ImGui.lib(imgui_tables.obj) : warning LNK4006: "void __cdecl ImGui::TableHeader(char const *)" (?TableHeader@ImGui@@YAXPBD@Z) already defined in Media.lib(imgui_tables.obj); second definition ignored
ImGui.lib(imgui_tables.obj) : warning LNK4006: "void __cdecl ImGui::TableHeadersRow(void)" (?TableHeadersRow@ImGui@@YAXXZ) already defined in Media.lib(imgui_tables.obj); second definition ignored
ImGui.lib(imgui_tables.obj) : warning LNK4006: "void __cdecl ImGui::TableAngledHeadersRow(void)" (?TableAngledHeadersRow@ImGui@@YAXXZ) already defined in Media.lib(imgui_tables.obj); second definition ignored
ImGui.lib(imgui_tables.obj) : warning LNK4006: "struct ImGuiTableSortSpecs * __cdecl ImGui::TableGetSortSpecs(void)" (?TableGetSortSpecs@ImGui@@YAPAUImGuiTableSortSpecs@@XZ) already defined in Media.lib(imgui_tables.obj); second definition ignored
ImGui.lib(imgui_tables.obj) : warning LNK4006: "int __cdecl ImGui::TableGetColumnCount(void)" (?TableGetColumnCount@ImGui@@YAHXZ) already defined in Media.lib(imgui_tables.obj); second definition ignored
ImGui.lib(imgui_tables.obj) : warning LNK4006: "int __cdecl ImGui::TableGetColumnIndex(void)" (?TableGetColumnIndex@ImGui@@YAHXZ) already defined in Media.lib(imgui_tables.obj); second definition ignored
ImGui.lib(imgui_tables.obj) : warning LNK4006: "int __cdecl ImGui::TableGetRowIndex(void)" (?TableGetRowIndex@ImGui@@YAHXZ) already defined in Media.lib(imgui_tables.obj); second definition ignored
ImGui.lib(imgui_tables.obj) : warning LNK4006: "char const * __cdecl ImGui::TableGetColumnName(int)" (?TableGetColumnName@ImGui@@YAPBDH@Z) already defined in Media.lib(imgui_tables.obj); second definition ignored
ImGui.lib(imgui_tables.obj) : warning LNK4006: "int __cdecl ImGui::TableGetColumnFlags(int)" (?TableGetColumnFlags@ImGui@@YAHH@Z) already defined in Media.lib(imgui_tables.obj); second definition ignored
ImGui.lib(imgui_tables.obj) : warning LNK4006: "void __cdecl ImGui::TableSetColumnEnabled(int,bool)" (?TableSetColumnEnabled@ImGui@@YAXH_N@Z) already defined in Media.lib(imgui_tables.obj); second definition ignored
ImGui.lib(imgui_tables.obj) : warning LNK4006: "int __cdecl ImGui::TableGetHoveredColumn(void)" (?TableGetHoveredColumn@ImGui@@YAHXZ) already defined in Media.lib(imgui_tables.obj); second definition ignored
ImGui.lib(imgui_tables.obj) : warning LNK4006: "void __cdecl ImGui::TableSetBgColor(int,unsigned int,int)" (?TableSetBgColor@ImGui@@YAXHIH@Z) already defined in Media.lib(imgui_tables.obj); second definition ignored
ImGui.lib(imgui_tables.obj) : warning LNK4006: "void __cdecl ImGui::Columns(int,char const *,bool)" (?Columns@ImGui@@YAXHPBD_N@Z) already defined in Media.lib(imgui_tables.obj); second definition ignored
ImGui.lib(imgui_tables.obj) : warning LNK4006: "void __cdecl ImGui::NextColumn(void)" (?NextColumn@ImGui@@YAXXZ) already defined in Media.lib(imgui_tables.obj); second definition ignored
ImGui.lib(imgui_tables.obj) : warning LNK4006: "int __cdecl ImGui::GetColumnIndex(void)" (?GetColumnIndex@ImGui@@YAHXZ) already defined in Media.lib(imgui_tables.obj); second definition ignored
ImGui.lib(imgui_tables.obj) : warning LNK4006: "float __cdecl ImGui::GetColumnWidth(int)" (?GetColumnWidth@ImGui@@YAMH@Z) already defined in Media.lib(imgui_tables.obj); second definition ignored
ImGui.lib(imgui_tables.obj) : warning LNK4006: "void __cdecl ImGui::SetColumnWidth(int,float)" (?SetColumnWidth@ImGui@@YAXHM@Z) already defined in Media.lib(imgui_tables.obj); second definition ignored
ImGui.lib(imgui_tables.obj) : warning LNK4006: "float __cdecl ImGui::GetColumnOffset(int)" (?GetColumnOffset@ImGui@@YAMH@Z) already defined in Media.lib(imgui_tables.obj); second definition ignored
ImGui.lib(imgui_tables.obj) : warning LNK4006: "void __cdecl ImGui::SetColumnOffset(int,float)" (?SetColumnOffset@ImGui@@YAXHM@Z) already defined in Media.lib(imgui_tables.obj); second definition ignored
ImGui.lib(imgui_tables.obj) : warning LNK4006: "int __cdecl ImGui::GetColumnsCount(void)" (?GetColumnsCount@ImGui@@YAHXZ) already defined in Media.lib(imgui_tables.obj); second definition ignored
ImGui.lib(imgui_tables.obj) : warning LNK4006: "void __cdecl ImGui::SetWindowClipRectBeforeSetChannel(struct ImGuiWindow *,struct ImRect const &)" (?SetWindowClipRectBeforeSetChannel@ImGui@@YAXPAUImGuiWindow@@ABUImRect@@@Z) already defined in Media.lib(imgui_tables.obj); second definition ignored
ImGui.lib(imgui_tables.obj) : warning LNK4006: "void __cdecl ImGui::BeginColumns(char const *,int,int)" (?BeginColumns@ImGui@@YAXPBDHH@Z) already defined in Media.lib(imgui_tables.obj); second definition ignored
ImGui.lib(imgui_tables.obj) : warning LNK4006: "void __cdecl ImGui::EndColumns(void)" (?EndColumns@ImGui@@YAXXZ) already defined in Media.lib(imgui_tables.obj); second definition ignored
ImGui.lib(imgui_tables.obj) : warning LNK4006: "void __cdecl ImGui::PushColumnClipRect(int)" (?PushColumnClipRect@ImGui@@YAXH@Z) already defined in Media.lib(imgui_tables.obj); second definition ignored
ImGui.lib(imgui_tables.obj) : warning LNK4006: "void __cdecl ImGui::PushColumnsBackground(void)" (?PushColumnsBackground@ImGui@@YAXXZ) already defined in Media.lib(imgui_tables.obj); second definition ignored
ImGui.lib(imgui_tables.obj) : warning LNK4006: "void __cdecl ImGui::PopColumnsBackground(void)" (?PopColumnsBackground@ImGui@@YAXXZ) already defined in Media.lib(imgui_tables.obj); second definition ignored
ImGui.lib(imgui_tables.obj) : warning LNK4006: "unsigned int __cdecl ImGui::GetColumnsID(char const *,int)" (?GetColumnsID@ImGui@@YAIPBDH@Z) already defined in Media.lib(imgui_tables.obj); second definition ignored
ImGui.lib(imgui_tables.obj) : warning LNK4006: "struct ImGuiOldColumns * __cdecl ImGui::FindOrCreateColumns(struct ImGuiWindow *,unsigned int)" (?FindOrCreateColumns@ImGui@@YAPAUImGuiOldColumns@@PAUImGuiWindow@@I@Z) already defined in Media.lib(imgui_tables.obj); second definition ignored
ImGui.lib(imgui_tables.obj) : warning LNK4006: "float __cdecl ImGui::GetColumnOffsetFromNorm(struct ImGuiOldColumns const *,float)" (?GetColumnOffsetFromNorm@ImGui@@YAMPBUImGuiOldColumns@@M@Z) already defined in Media.lib(imgui_tables.obj); second definition ignored
ImGui.lib(imgui_tables.obj) : warning LNK4006: "float __cdecl ImGui::GetColumnNormFromOffset(struct ImGuiOldColumns const *,float)" (?GetColumnNormFromOffset@ImGui@@YAMPBUImGuiOldColumns@@M@Z) already defined in Media.lib(imgui_tables.obj); second definition ignored
ImGui.lib(imgui_tables.obj) : warning LNK4006: "void __cdecl ImGui::TableOpenContextMenu(int)" (?TableOpenContextMenu@ImGui@@YAXH@Z) already defined in Media.lib(imgui_tables.obj); second definition ignored
ImGui.lib(imgui_tables.obj) : warning LNK4006: "void __cdecl ImGui::TableSetColumnWidth(int,float)" (?TableSetColumnWidth@ImGui@@YAXHM@Z) already defined in Media.lib(imgui_tables.obj); second definition ignored
ImGui.lib(imgui_tables.obj) : warning LNK4006: "void __cdecl ImGui::TableSetColumnSortDirection(int,enum ImGuiSortDirection,bool)" (?TableSetColumnSortDirection@ImGui@@YAXHW4ImGuiSortDirection@@_N@Z) already defined in Media.lib(imgui_tables.obj); second definition ignored
ImGui.lib(imgui_tables.obj) : warning LNK4006: "int __cdecl ImGui::TableGetHoveredRow(void)" (?TableGetHoveredRow@ImGui@@YAHXZ) already defined in Media.lib(imgui_tables.obj); second definition ignored
ImGui.lib(imgui_tables.obj) : warning LNK4006: "float __cdecl ImGui::TableGetHeaderRowHeight(void)" (?TableGetHeaderRowHeight@ImGui@@YAMXZ) already defined in Media.lib(imgui_tables.obj); second definition ignored
ImGui.lib(imgui_tables.obj) : warning LNK4006: "float __cdecl ImGui::TableGetHeaderAngledMaxLabelWidth(void)" (?TableGetHeaderAngledMaxLabelWidth@ImGui@@YAMXZ) already defined in Media.lib(imgui_tables.obj); second definition ignored
ImGui.lib(imgui_tables.obj) : warning LNK4006: "void __cdecl ImGui::TablePushBackgroundChannel(void)" (?TablePushBackgroundChannel@ImGui@@YAXXZ) already defined in Media.lib(imgui_tables.obj); second definition ignored
ImGui.lib(imgui_tables.obj) : warning LNK4006: "void __cdecl ImGui::TablePopBackgroundChannel(void)" (?TablePopBackgroundChannel@ImGui@@YAXXZ) already defined in Media.lib(imgui_tables.obj); second definition ignored
ImGui.lib(imgui_tables.obj) : warning LNK4006: "void __cdecl ImGui::TablePushColumnChannel(int)" (?TablePushColumnChannel@ImGui@@YAXH@Z) already defined in Media.lib(imgui_tables.obj); second definition ignored
ImGui.lib(imgui_tables.obj) : warning LNK4006: "void __cdecl ImGui::TablePopColumnChannel(void)" (?TablePopColumnChannel@ImGui@@YAXXZ) already defined in Media.lib(imgui_tables.obj); second definition ignored
ImGui.lib(imgui_tables.obj) : warning LNK4006: "void __cdecl ImGui::TableAngledHeadersRowEx(unsigned int,float,float,struct ImGuiTableHeaderData const *,int)" (?TableAngledHeadersRowEx@ImGui@@YAXIMMPBUImGuiTableHeaderData@@H@Z) already defined in Media.lib(imgui_tables.obj); second definition ignored
ImGui.lib(imgui_tables.obj) : warning LNK4006: "struct ImGuiTable * __cdecl ImGui::TableFindByID(unsigned int)" (?TableFindByID@ImGui@@YAPAUImGuiTable@@I@Z) already defined in Media.lib(imgui_tables.obj); second definition ignored
ImGui.lib(imgui_tables.obj) : warning LNK4006: "bool __cdecl ImGui::BeginTableEx(char const *,unsigned int,int,int,struct ImVec2 const &,float)" (?BeginTableEx@ImGui@@YA_NPBDIHHABUImVec2@@M@Z) already defined in Media.lib(imgui_tables.obj); second definition ignored
ImGui.lib(imgui_tables.obj) : warning LNK4006: "void __cdecl ImGui::TableBeginInitMemory(struct ImGuiTable *,int)" (?TableBeginInitMemory@ImGui@@YAXPAUImGuiTable@@H@Z) already defined in Media.lib(imgui_tables.obj); second definition ignored
ImGui.lib(imgui_tables.obj) : warning LNK4006: "void __cdecl ImGui::TableBeginApplyRequests(struct ImGuiTable *)" (?TableBeginApplyRequests@ImGui@@YAXPAUImGuiTable@@@Z) already defined in Media.lib(imgui_tables.obj); second definition ignored
ImGui.lib(imgui_tables.obj) : warning LNK4006: "void __cdecl ImGui::TableSetupDrawChannels(struct ImGuiTable *)" (?TableSetupDrawChannels@ImGui@@YAXPAUImGuiTable@@@Z) already defined in Media.lib(imgui_tables.obj); second definition ignored
ImGui.lib(imgui_tables.obj) : warning LNK4006: "void __cdecl ImGui::TableUpdateLayout(struct ImGuiTable *)" (?TableUpdateLayout@ImGui@@YAXPAUImGuiTable@@@Z) already defined in Media.lib(imgui_tables.obj); second definition ignored
ImGui.lib(imgui_tables.obj) : warning LNK4006: "void __cdecl ImGui::TableUpdateBorders(struct ImGuiTable *)" (?TableUpdateBorders@ImGui@@YAXPAUImGuiTable@@@Z) already defined in Media.lib(imgui_tables.obj); second definition ignored
ImGui.lib(imgui_tables.obj) : warning LNK4006: "void __cdecl ImGui::TableUpdateColumnsWeightFromWidth(struct ImGuiTable *)" (?TableUpdateColumnsWeightFromWidth@ImGui@@YAXPAUImGuiTable@@@Z) already defined in Media.lib(imgui_tables.obj); second definition ignored
ImGui.lib(imgui_tables.obj) : warning LNK4006: "void __cdecl ImGui::TableDrawBorders(struct ImGuiTable *)" (?TableDrawBorders@ImGui@@YAXPAUImGuiTable@@@Z) already defined in Media.lib(imgui_tables.obj); second definition ignored
ImGui.lib(imgui_tables.obj) : warning LNK4006: "void __cdecl ImGui::TableDrawDefaultContextMenu(struct ImGuiTable *,int)" (?TableDrawDefaultContextMenu@ImGui@@YAXPAUImGuiTable@@H@Z) already defined in Media.lib(imgui_tables.obj); second definition ignored
ImGui.lib(imgui_tables.obj) : warning LNK4006: "bool __cdecl ImGui::TableBeginContextMenuPopup(struct ImGuiTable *)" (?TableBeginContextMenuPopup@ImGui@@YA_NPAUImGuiTable@@@Z) already defined in Media.lib(imgui_tables.obj); second definition ignored
ImGui.lib(imgui_tables.obj) : warning LNK4006: "void __cdecl ImGui::TableMergeDrawChannels(struct ImGuiTable *)" (?TableMergeDrawChannels@ImGui@@YAXPAUImGuiTable@@@Z) already defined in Media.lib(imgui_tables.obj); second definition ignored
ImGui.lib(imgui_tables.obj) : warning LNK4006: "void __cdecl ImGui::TableFixDisplayOrder(struct ImGuiTable *)" (?TableFixDisplayOrder@ImGui@@YAXPAUImGuiTable@@@Z) already defined in Media.lib(imgui_tables.obj); second definition ignored
ImGui.lib(imgui_tables.obj) : warning LNK4006: "void __cdecl ImGui::TableSortSpecsSanitize(struct ImGuiTable *)" (?TableSortSpecsSanitize@ImGui@@YAXPAUImGuiTable@@@Z) already defined in Media.lib(imgui_tables.obj); second definition ignored
ImGui.lib(imgui_tables.obj) : warning LNK4006: "void __cdecl ImGui::TableSortSpecsBuild(struct ImGuiTable *)" (?TableSortSpecsBuild@ImGui@@YAXPAUImGuiTable@@@Z) already defined in Media.lib(imgui_tables.obj); second definition ignored
ImGui.lib(imgui_tables.obj) : warning LNK4006: "enum ImGuiSortDirection __cdecl ImGui::TableGetColumnNextSortDirection(struct ImGuiTableColumn *)" (?TableGetColumnNextSortDirection@ImGui@@YA?AW4ImGuiSortDirection@@PAUImGuiTableColumn@@@Z) already defined in Media.lib(imgui_tables.obj); second definition ignored
ImGui.lib(imgui_tables.obj) : warning LNK4006: "void __cdecl ImGui::TableFixColumnSortDirection(struct ImGuiTable *,struct ImGuiTableColumn *)" (?TableFixColumnSortDirection@ImGui@@YAXPAUImGuiTable@@PAUImGuiTableColumn@@@Z) already defined in Media.lib(imgui_tables.obj); second definition ignored
ImGui.lib(imgui_tables.obj) : warning LNK4006: "float __cdecl ImGui::TableGetColumnWidthAuto(struct ImGuiTable *,struct ImGuiTableColumn *)" (?TableGetColumnWidthAuto@ImGui@@YAMPAUImGuiTable@@PAUImGuiTableColumn@@@Z) already defined in Media.lib(imgui_tables.obj); second definition ignored
ImGui.lib(imgui_tables.obj) : warning LNK4006: "void __cdecl ImGui::TableBeginRow(struct ImGuiTable *)" (?TableBeginRow@ImGui@@YAXPAUImGuiTable@@@Z) already defined in Media.lib(imgui_tables.obj); second definition ignored
ImGui.lib(imgui_tables.obj) : warning LNK4006: "void __cdecl ImGui::TableEndRow(struct ImGuiTable *)" (?TableEndRow@ImGui@@YAXPAUImGuiTable@@@Z) already defined in Media.lib(imgui_tables.obj); second definition ignored
ImGui.lib(imgui_tables.obj) : warning LNK4006: "void __cdecl ImGui::TableBeginCell(struct ImGuiTable *,int)" (?TableBeginCell@ImGui@@YAXPAUImGuiTable@@H@Z) already defined in Media.lib(imgui_tables.obj); second definition ignored
ImGui.lib(imgui_tables.obj) : warning LNK4006: "void __cdecl ImGui::TableEndCell(struct ImGuiTable *)" (?TableEndCell@ImGui@@YAXPAUImGuiTable@@@Z) already defined in Media.lib(imgui_tables.obj); second definition ignored
ImGui.lib(imgui_tables.obj) : warning LNK4006: "struct ImRect __cdecl ImGui::TableGetCellBgRect(struct ImGuiTable const *,int)" (?TableGetCellBgRect@ImGui@@YA?AUImRect@@PBUImGuiTable@@H@Z) already defined in Media.lib(imgui_tables.obj); second definition ignored
ImGui.lib(imgui_tables.obj) : warning LNK4006: "char const * __cdecl ImGui::TableGetColumnName(struct ImGuiTable const *,int)" (?TableGetColumnName@ImGui@@YAPBDPBUImGuiTable@@H@Z) already defined in Media.lib(imgui_tables.obj); second definition ignored
ImGui.lib(imgui_tables.obj) : warning LNK4006: "unsigned int __cdecl ImGui::TableGetColumnResizeID(struct ImGuiTable *,int,int)" (?TableGetColumnResizeID@ImGui@@YAIPAUImGuiTable@@HH@Z) already defined in Media.lib(imgui_tables.obj); second definition ignored
ImGui.lib(imgui_tables.obj) : warning LNK4006: "float __cdecl ImGui::TableCalcMaxColumnWidth(struct ImGuiTable const *,int)" (?TableCalcMaxColumnWidth@ImGui@@YAMPBUImGuiTable@@H@Z) already defined in Media.lib(imgui_tables.obj); second definition ignored
ImGui.lib(imgui_tables.obj) : warning LNK4006: "void __cdecl ImGui::TableSetColumnWidthAutoSingle(struct ImGuiTable *,int)" (?TableSetColumnWidthAutoSingle@ImGui@@YAXPAUImGuiTable@@H@Z) already defined in Media.lib(imgui_tables.obj); second definition ignored
ImGui.lib(imgui_tables.obj) : warning LNK4006: "void __cdecl ImGui::TableSetColumnWidthAutoAll(struct ImGuiTable *)" (?TableSetColumnWidthAutoAll@ImGui@@YAXPAUImGuiTable@@@Z) already defined in Media.lib(imgui_tables.obj); second definition ignored
ImGui.lib(imgui_tables.obj) : warning LNK4006: "void __cdecl ImGui::TableSetColumnDisplayOrder(struct ImGuiTable *,int,int)" (?TableSetColumnDisplayOrder@ImGui@@YAXPAUImGuiTable@@HH@Z) already defined in Media.lib(imgui_tables.obj); second definition ignored
ImGui.lib(imgui_tables.obj) : warning LNK4006: "void __cdecl ImGui::TableRemove(struct ImGuiTable *)" (?TableRemove@ImGui@@YAXPAUImGuiTable@@@Z) already defined in Media.lib(imgui_tables.obj); second definition ignored
ImGui.lib(imgui_tables.obj) : warning LNK4006: "void __cdecl ImGui::TableGcCompactTransientBuffers(struct ImGuiTable *)" (?TableGcCompactTransientBuffers@ImGui@@YAXPAUImGuiTable@@@Z) already defined in Media.lib(imgui_tables.obj); second definition ignored
ImGui.lib(imgui_tables.obj) : warning LNK4006: "void __cdecl ImGui::TableGcCompactTransientBuffers(struct ImGuiTableTempData *)" (?TableGcCompactTransientBuffers@ImGui@@YAXPAUImGuiTableTempData@@@Z) already defined in Media.lib(imgui_tables.obj); second definition ignored
ImGui.lib(imgui_tables.obj) : warning LNK4006: "void __cdecl ImGui::TableGcCompactSettings(void)" (?TableGcCompactSettings@ImGui@@YAXXZ) already defined in Media.lib(imgui_tables.obj); second definition ignored
ImGui.lib(imgui_tables.obj) : warning LNK4006: "void __cdecl ImGui::TableLoadSettings(struct ImGuiTable *)" (?TableLoadSettings@ImGui@@YAXPAUImGuiTable@@@Z) already defined in Media.lib(imgui_tables.obj); second definition ignored
ImGui.lib(imgui_tables.obj) : warning LNK4006: "void __cdecl ImGui::TableSaveSettings(struct ImGuiTable *)" (?TableSaveSettings@ImGui@@YAXPAUImGuiTable@@@Z) already defined in Media.lib(imgui_tables.obj); second definition ignored
ImGui.lib(imgui_tables.obj) : warning LNK4006: "void __cdecl ImGui::TableResetSettings(struct ImGuiTable *)" (?TableResetSettings@ImGui@@YAXPAUImGuiTable@@@Z) already defined in Media.lib(imgui_tables.obj); second definition ignored
ImGui.lib(imgui_tables.obj) : warning LNK4006: "struct ImGuiTableSettings * __cdecl ImGui::TableGetBoundSettings(struct ImGuiTable *)" (?TableGetBoundSettings@ImGui@@YAPAUImGuiTableSettings@@PAUImGuiTable@@@Z) already defined in Media.lib(imgui_tables.obj); second definition ignored
ImGui.lib(imgui_tables.obj) : warning LNK4006: "void __cdecl ImGui::TableSettingsAddSettingsHandler(void)" (?TableSettingsAddSettingsHandler@ImGui@@YAXXZ) already defined in Media.lib(imgui_tables.obj); second definition ignored
ImGui.lib(imgui_tables.obj) : warning LNK4006: "struct ImGuiTableSettings * __cdecl ImGui::TableSettingsCreate(unsigned int,int)" (?TableSettingsCreate@ImGui@@YAPAUImGuiTableSettings@@IH@Z) already defined in Media.lib(imgui_tables.obj); second definition ignored
ImGui.lib(imgui_tables.obj) : warning LNK4006: "struct ImGuiTableSettings * __cdecl ImGui::TableSettingsFindByID(unsigned int)" (?TableSettingsFindByID@ImGui@@YAPAUImGuiTableSettings@@I@Z) already defined in Media.lib(imgui_tables.obj); second definition ignored
ImGui.lib(imgui_tables.obj) : warning LNK4006: "void __cdecl ImGui::DebugNodeTable(struct ImGuiTable *)" (?DebugNodeTable@ImGui@@YAXPAUImGuiTable@@@Z) already defined in Media.lib(imgui_tables.obj); second definition ignored
ImGui.lib(imgui_tables.obj) : warning LNK4006: "void __cdecl ImGui::DebugNodeTableSettings(struct ImGuiTableSettings *)" (?DebugNodeTableSettings@ImGui@@YAXPAUImGuiTableSettings@@@Z) already defined in Media.lib(imgui_tables.obj); second definition ignored
ImGui.lib(imgui_widgets.obj) : warning LNK4006: "void __cdecl ImGui::Separator(void)" (?Separator@ImGui@@YAXXZ) already defined in Media.lib(imgui_widgets.obj); second definition ignored
ImGui.lib(imgui_widgets.obj) : warning LNK4006: "void __cdecl ImGui::NewLine(void)" (?NewLine@ImGui@@YAXXZ) already defined in Media.lib(imgui_widgets.obj); second definition ignored
ImGui.lib(imgui_widgets.obj) : warning LNK4006: "void __cdecl ImGui::Spacing(void)" (?Spacing@ImGui@@YAXXZ) already defined in Media.lib(imgui_widgets.obj); second definition ignored
ImGui.lib(imgui_widgets.obj) : warning LNK4006: "void __cdecl ImGui::Dummy(struct ImVec2 const &)" (?Dummy@ImGui@@YAXABUImVec2@@@Z) already defined in Media.lib(imgui_widgets.obj); second definition ignored
ImGui.lib(imgui_widgets.obj) : warning LNK4006: "void __cdecl ImGui::AlignTextToFramePadding(void)" (?AlignTextToFramePadding@ImGui@@YAXXZ) already defined in Media.lib(imgui_widgets.obj); second definition ignored
ImGui.lib(imgui_widgets.obj) : warning LNK4006: "void __cdecl ImGui::TextUnformatted(char const *,char const *)" (?TextUnformatted@ImGui@@YAXPBD0@Z) already defined in Media.lib(imgui_widgets.obj); second definition ignored
ImGui.lib(imgui_widgets.obj) : warning LNK4006: "void __cdecl ImGui::Text(char const *,...)" (?Text@ImGui@@YAXPBDZZ) already defined in Media.lib(imgui_widgets.obj); second definition ignored
ImGui.lib(imgui_widgets.obj) : warning LNK4006: "void __cdecl ImGui::TextV(char const *,char *)" (?TextV@ImGui@@YAXPBDPAD@Z) already defined in Media.lib(imgui_widgets.obj); second definition ignored
ImGui.lib(imgui_widgets.obj) : warning LNK4006: "void __cdecl ImGui::TextColored(struct ImVec4 const &,char const *,...)" (?TextColored@ImGui@@YAXABUImVec4@@PBDZZ) already defined in Media.lib(imgui_widgets.obj); second definition ignored
ImGui.lib(imgui_widgets.obj) : warning LNK4006: "void __cdecl ImGui::TextColoredV(struct ImVec4 const &,char const *,char *)" (?TextColoredV@ImGui@@YAXABUImVec4@@PBDPAD@Z) already defined in Media.lib(imgui_widgets.obj); second definition ignored
ImGui.lib(imgui_widgets.obj) : warning LNK4006: "void __cdecl ImGui::TextDisabled(char const *,...)" (?TextDisabled@ImGui@@YAXPBDZZ) already defined in Media.lib(imgui_widgets.obj); second definition ignored
ImGui.lib(imgui_widgets.obj) : warning LNK4006: "void __cdecl ImGui::TextDisabledV(char const *,char *)" (?TextDisabledV@ImGui@@YAXPBDPAD@Z) already defined in Media.lib(imgui_widgets.obj); second definition ignored
ImGui.lib(imgui_widgets.obj) : warning LNK4006: "void __cdecl ImGui::TextWrapped(char const *,...)" (?TextWrapped@ImGui@@YAXPBDZZ) already defined in Media.lib(imgui_widgets.obj); second definition ignored
ImGui.lib(imgui_widgets.obj) : warning LNK4006: "void __cdecl ImGui::TextWrappedV(char const *,char *)" (?TextWrappedV@ImGui@@YAXPBDPAD@Z) already defined in Media.lib(imgui_widgets.obj); second definition ignored
ImGui.lib(imgui_widgets.obj) : warning LNK4006: "void __cdecl ImGui::LabelText(char const *,char const *,...)" (?LabelText@ImGui@@YAXPBD0ZZ) already defined in Media.lib(imgui_widgets.obj); second definition ignored
ImGui.lib(imgui_widgets.obj) : warning LNK4006: "void __cdecl ImGui::LabelTextV(char const *,char const *,char *)" (?LabelTextV@ImGui@@YAXPBD0PAD@Z) already defined in Media.lib(imgui_widgets.obj); second definition ignored
ImGui.lib(imgui_widgets.obj) : warning LNK4006: "void __cdecl ImGui::BulletText(char const *,...)" (?BulletText@ImGui@@YAXPBDZZ) already defined in Media.lib(imgui_widgets.obj); second definition ignored
ImGui.lib(imgui_widgets.obj) : warning LNK4006: "void __cdecl ImGui::BulletTextV(char const *,char *)" (?BulletTextV@ImGui@@YAXPBDPAD@Z) already defined in Media.lib(imgui_widgets.obj); second definition ignored
ImGui.lib(imgui_widgets.obj) : warning LNK4006: "void __cdecl ImGui::SeparatorText(char const *)" (?SeparatorText@ImGui@@YAXPBD@Z) already defined in Media.lib(imgui_widgets.obj); second definition ignored
ImGui.lib(imgui_widgets.obj) : warning LNK4006: "bool __cdecl ImGui::Button(char const *,struct ImVec2 const &)" (?Button@ImGui@@YA_NPBDABUImVec2@@@Z) already defined in Media.lib(imgui_widgets.obj); second definition ignored
ImGui.lib(imgui_widgets.obj) : warning LNK4006: "bool __cdecl ImGui::SmallButton(char const *)" (?SmallButton@ImGui@@YA_NPBD@Z) already defined in Media.lib(imgui_widgets.obj); second definition ignored
ImGui.lib(imgui_widgets.obj) : warning LNK4006: "bool __cdecl ImGui::InvisibleButton(char const *,struct ImVec2 const &,int)" (?InvisibleButton@ImGui@@YA_NPBDABUImVec2@@H@Z) already defined in Media.lib(imgui_widgets.obj); second definition ignored
ImGui.lib(imgui_widgets.obj) : warning LNK4006: "bool __cdecl ImGui::ArrowButton(char const *,enum ImGuiDir)" (?ArrowButton@ImGui@@YA_NPBDW4ImGuiDir@@@Z) already defined in Media.lib(imgui_widgets.obj); second definition ignored
ImGui.lib(imgui_widgets.obj) : warning LNK4006: "bool __cdecl ImGui::Checkbox(char const *,bool *)" (?Checkbox@ImGui@@YA_NPBDPA_N@Z) already defined in Media.lib(imgui_widgets.obj); second definition ignored
ImGui.lib(imgui_widgets.obj) : warning LNK4006: "bool __cdecl ImGui::CheckboxFlags(char const *,int *,int)" (?CheckboxFlags@ImGui@@YA_NPBDPAHH@Z) already defined in Media.lib(imgui_widgets.obj); second definition ignored
ImGui.lib(imgui_widgets.obj) : warning LNK4006: "bool __cdecl ImGui::CheckboxFlags(char const *,unsigned int *,unsigned int)" (?CheckboxFlags@ImGui@@YA_NPBDPAII@Z) already defined in Media.lib(imgui_widgets.obj); second definition ignored
ImGui.lib(imgui_widgets.obj) : warning LNK4006: "bool __cdecl ImGui::RadioButton(char const *,bool)" (?RadioButton@ImGui@@YA_NPBD_N@Z) already defined in Media.lib(imgui_widgets.obj); second definition ignored
ImGui.lib(imgui_widgets.obj) : warning LNK4006: "bool __cdecl ImGui::RadioButton(char const *,int *,int)" (?RadioButton@ImGui@@YA_NPBDPAHH@Z) already defined in Media.lib(imgui_widgets.obj); second definition ignored
ImGui.lib(imgui_widgets.obj) : warning LNK4006: "void __cdecl ImGui::ProgressBar(float,struct ImVec2 const &,char const *)" (?ProgressBar@ImGui@@YAXMABUImVec2@@PBD@Z) already defined in Media.lib(imgui_widgets.obj); second definition ignored
ImGui.lib(imgui_widgets.obj) : warning LNK4006: "void __cdecl ImGui::Bullet(void)" (?Bullet@ImGui@@YAXXZ) already defined in Media.lib(imgui_widgets.obj); second definition ignored
ImGui.lib(imgui_widgets.obj) : warning LNK4006: "bool __cdecl ImGui::TextLink(char const *)" (?TextLink@ImGui@@YA_NPBD@Z) already defined in Media.lib(imgui_widgets.obj); second definition ignored
ImGui.lib(imgui_widgets.obj) : warning LNK4006: "bool __cdecl ImGui::TextLinkOpenURL(char const *,char const *)" (?TextLinkOpenURL@ImGui@@YA_NPBD0@Z) already defined in Media.lib(imgui_widgets.obj); second definition ignored
ImGui.lib(imgui_widgets.obj) : warning LNK4006: "void __cdecl ImGui::Image(struct ImTextureRef,struct ImVec2 const &,struct ImVec2 const &,struct ImVec2 const &)" (?Image@ImGui@@YAXUImTextureRef@@ABUImVec2@@11@Z) already defined in Media.lib(imgui_widgets.obj); second definition ignored
ImGui.lib(imgui_widgets.obj) : warning LNK4006: "void __cdecl ImGui::ImageWithBg(struct ImTextureRef,struct ImVec2 const &,struct ImVec2 const &,struct ImVec2 const &,struct ImVec4 const &,struct ImVec4 const &)" (?ImageWithBg@ImGui@@YAXUImTextureRef@@ABUImVec2@@11ABUImVec4@@2@Z) already defined in Media.lib(imgui_widgets.obj); second definition ignored
ImGui.lib(imgui_widgets.obj) : warning LNK4006: "bool __cdecl ImGui::ImageButton(char const *,struct ImTextureRef,struct ImVec2 const &,struct ImVec2 const &,struct ImVec2 const &,struct ImVec4 const &,struct ImVec4 const &)" (?ImageButton@ImGui@@YA_NPBDUImTextureRef@@ABUImVec2@@22ABUImVec4@@3@Z) already defined in Media.lib(imgui_widgets.obj); second definition ignored
ImGui.lib(imgui_widgets.obj) : warning LNK4006: "bool __cdecl ImGui::BeginCombo(char const *,char const *,int)" (?BeginCombo@ImGui@@YA_NPBD0H@Z) already defined in Media.lib(imgui_widgets.obj); second definition ignored
ImGui.lib(imgui_widgets.obj) : warning LNK4006: "void __cdecl ImGui::EndCombo(void)" (?EndCombo@ImGui@@YAXXZ) already defined in Media.lib(imgui_widgets.obj); second definition ignored
ImGui.lib(imgui_widgets.obj) : warning LNK4006: "bool __cdecl ImGui::Combo(char const *,int *,char const * const * const,int,int)" (?Combo@ImGui@@YA_NPBDPAHQBQBDHH@Z) already defined in Media.lib(imgui_widgets.obj); second definition ignored
ImGui.lib(imgui_widgets.obj) : warning LNK4006: "bool __cdecl ImGui::Combo(char const *,int *,char const *,int)" (?Combo@ImGui@@YA_NPBDPAH0H@Z) already defined in Media.lib(imgui_widgets.obj); second definition ignored
ImGui.lib(imgui_widgets.obj) : warning LNK4006: "bool __cdecl ImGui::Combo(char const *,int *,char const * (__cdecl*)(void *,int),void *,int,int)" (?Combo@ImGui@@YA_NPBDPAHP6APBDPAXH@Z2HH@Z) already defined in Media.lib(imgui_widgets.obj); second definition ignored
ImGui.lib(imgui_widgets.obj) : warning LNK4006: "bool __cdecl ImGui::DragFloat(char const *,float *,float,float,float,char const *,int)" (?DragFloat@ImGui@@YA_NPBDPAMMMM0H@Z) already defined in Media.lib(imgui_widgets.obj); second definition ignored
ImGui.lib(imgui_widgets.obj) : warning LNK4006: "bool __cdecl ImGui::DragFloat2(char const *,float * const,float,float,float,char const *,int)" (?DragFloat2@ImGui@@YA_NPBDQAMMMM0H@Z) already defined in Media.lib(imgui_widgets.obj); second definition ignored
ImGui.lib(imgui_widgets.obj) : warning LNK4006: "bool __cdecl ImGui::DragFloat3(char const *,float * const,float,float,float,char const *,int)" (?DragFloat3@ImGui@@YA_NPBDQAMMMM0H@Z) already defined in Media.lib(imgui_widgets.obj); second definition ignored
ImGui.lib(imgui_widgets.obj) : warning LNK4006: "bool __cdecl ImGui::DragFloat4(char const *,float * const,float,float,float,char const *,int)" (?DragFloat4@ImGui@@YA_NPBDQAMMMM0H@Z) already defined in Media.lib(imgui_widgets.obj); second definition ignored
ImGui.lib(imgui_widgets.obj) : warning LNK4006: "bool __cdecl ImGui::DragFloatRange2(char const *,float *,float *,float,float,float,char const *,char const *,int)" (?DragFloatRange2@ImGui@@YA_NPBDPAM1MMM00H@Z) already defined in Media.lib(imgui_widgets.obj); second definition ignored
ImGui.lib(imgui_widgets.obj) : warning LNK4006: "bool __cdecl ImGui::DragInt(char const *,int *,float,int,int,char const *,int)" (?DragInt@ImGui@@YA_NPBDPAHMHH0H@Z) already defined in Media.lib(imgui_widgets.obj); second definition ignored
ImGui.lib(imgui_widgets.obj) : warning LNK4006: "bool __cdecl ImGui::DragInt2(char const *,int * const,float,int,int,char const *,int)" (?DragInt2@ImGui@@YA_NPBDQAHMHH0H@Z) already defined in Media.lib(imgui_widgets.obj); second definition ignored
ImGui.lib(imgui_widgets.obj) : warning LNK4006: "bool __cdecl ImGui::DragInt3(char const *,int * const,float,int,int,char const *,int)" (?DragInt3@ImGui@@YA_NPBDQAHMHH0H@Z) already defined in Media.lib(imgui_widgets.obj); second definition ignored
ImGui.lib(imgui_widgets.obj) : warning LNK4006: "bool __cdecl ImGui::DragInt4(char const *,int * const,float,int,int,char const *,int)" (?DragInt4@ImGui@@YA_NPBDQAHMHH0H@Z) already defined in Media.lib(imgui_widgets.obj); second definition ignored
ImGui.lib(imgui_widgets.obj) : warning LNK4006: "bool __cdecl ImGui::DragIntRange2(char const *,int *,int *,float,int,int,char const *,char const *,int)" (?DragIntRange2@ImGui@@YA_NPBDPAH1MHH00H@Z) already defined in Media.lib(imgui_widgets.obj); second definition ignored
ImGui.lib(imgui_widgets.obj) : warning LNK4006: "bool __cdecl ImGui::DragScalar(char const *,int,void *,float,void const *,void const *,char const *,int)" (?DragScalar@ImGui@@YA_NPBDHPAXMPBX20H@Z) already defined in Media.lib(imgui_widgets.obj); second definition ignored
ImGui.lib(imgui_widgets.obj) : warning LNK4006: "bool __cdecl ImGui::DragScalarN(char const *,int,void *,int,float,void const *,void const *,char const *,int)" (?DragScalarN@ImGui@@YA_NPBDHPAXHMPBX20H@Z) already defined in Media.lib(imgui_widgets.obj); second definition ignored
ImGui.lib(imgui_widgets.obj) : warning LNK4006: "bool __cdecl ImGui::SliderFloat(char const *,float *,float,float,char const *,int)" (?SliderFloat@ImGui@@YA_NPBDPAMMM0H@Z) already defined in Media.lib(imgui_widgets.obj); second definition ignored
ImGui.lib(imgui_widgets.obj) : warning LNK4006: "bool __cdecl ImGui::SliderFloat2(char const *,float * const,float,float,char const *,int)" (?SliderFloat2@ImGui@@YA_NPBDQAMMM0H@Z) already defined in Media.lib(imgui_widgets.obj); second definition ignored
ImGui.lib(imgui_widgets.obj) : warning LNK4006: "bool __cdecl ImGui::SliderFloat3(char const *,float * const,float,float,char const *,int)" (?SliderFloat3@ImGui@@YA_NPBDQAMMM0H@Z) already defined in Media.lib(imgui_widgets.obj); second definition ignored
ImGui.lib(imgui_widgets.obj) : warning LNK4006: "bool __cdecl ImGui::SliderFloat4(char const *,float * const,float,float,char const *,int)" (?SliderFloat4@ImGui@@YA_NPBDQAMMM0H@Z) already defined in Media.lib(imgui_widgets.obj); second definition ignored
ImGui.lib(imgui_widgets.obj) : warning LNK4006: "bool __cdecl ImGui::SliderAngle(char const *,float *,float,float,char const *,int)" (?SliderAngle@ImGui@@YA_NPBDPAMMM0H@Z) already defined in Media.lib(imgui_widgets.obj); second definition ignored
ImGui.lib(imgui_widgets.obj) : warning LNK4006: "bool __cdecl ImGui::SliderInt(char const *,int *,int,int,char const *,int)" (?SliderInt@ImGui@@YA_NPBDPAHHH0H@Z) already defined in Media.lib(imgui_widgets.obj); second definition ignored
ImGui.lib(imgui_widgets.obj) : warning LNK4006: "bool __cdecl ImGui::SliderInt2(char const *,int * const,int,int,char const *,int)" (?SliderInt2@ImGui@@YA_NPBDQAHHH0H@Z) already defined in Media.lib(imgui_widgets.obj); second definition ignored
ImGui.lib(imgui_widgets.obj) : warning LNK4006: "bool __cdecl ImGui::SliderInt3(char const *,int * const,int,int,char const *,int)" (?SliderInt3@ImGui@@YA_NPBDQAHHH0H@Z) already defined in Media.lib(imgui_widgets.obj); second definition ignored
ImGui.lib(imgui_widgets.obj) : warning LNK4006: "bool __cdecl ImGui::SliderInt4(char const *,int * const,int,int,char const *,int)" (?SliderInt4@ImGui@@YA_NPBDQAHHH0H@Z) already defined in Media.lib(imgui_widgets.obj); second definition ignored
ImGui.lib(imgui_widgets.obj) : warning LNK4006: "bool __cdecl ImGui::SliderScalar(char const *,int,void *,void const *,void const *,char const *,int)" (?SliderScalar@ImGui@@YA_NPBDHPAXPBX20H@Z) already defined in Media.lib(imgui_widgets.obj); second definition ignored
ImGui.lib(imgui_widgets.obj) : warning LNK4006: "bool __cdecl ImGui::SliderScalarN(char const *,int,void *,int,void const *,void const *,char const *,int)" (?SliderScalarN@ImGui@@YA_NPBDHPAXHPBX20H@Z) already defined in Media.lib(imgui_widgets.obj); second definition ignored
ImGui.lib(imgui_widgets.obj) : warning LNK4006: "bool __cdecl ImGui::VSliderFloat(char const *,struct ImVec2 const &,float *,float,float,char const *,int)" (?VSliderFloat@ImGui@@YA_NPBDABUImVec2@@PAMMM0H@Z) already defined in Media.lib(imgui_widgets.obj); second definition ignored
ImGui.lib(imgui_widgets.obj) : warning LNK4006: "bool __cdecl ImGui::VSliderInt(char const *,struct ImVec2 const &,int *,int,int,char const *,int)" (?VSliderInt@ImGui@@YA_NPBDABUImVec2@@PAHHH0H@Z) already defined in Media.lib(imgui_widgets.obj); second definition ignored
ImGui.lib(imgui_widgets.obj) : warning LNK4006: "bool __cdecl ImGui::VSliderScalar(char const *,struct ImVec2 const &,int,void *,void const *,void const *,char const *,int)" (?VSliderScalar@ImGui@@YA_NPBDABUImVec2@@HPAXPBX30H@Z) already defined in Media.lib(imgui_widgets.obj); second definition ignored
ImGui.lib(imgui_widgets.obj) : warning LNK4006: "bool __cdecl ImGui::InputText(char const *,char *,unsigned int,int,int (__cdecl*)(struct ImGuiInputTextCallbackData *),void *)" (?InputText@ImGui@@YA_NPBDPADIHP6AHPAUImGuiInputTextCallbackData@@@ZPAX@Z) already defined in Media.lib(imgui_widgets.obj); second definition ignored
ImGui.lib(imgui_widgets.obj) : warning LNK4006: "bool __cdecl ImGui::InputTextMultiline(char const *,char *,unsigned int,struct ImVec2 const &,int,int (__cdecl*)(struct ImGuiInputTextCallbackData *),void *)" (?InputTextMultiline@ImGui@@YA_NPBDPADIABUImVec2@@HP6AHPAUImGuiInputTextCallbackData@@@ZPAX@Z) already defined in Media.lib(imgui_widgets.obj); second definition ignored
ImGui.lib(imgui_widgets.obj) : warning LNK4006: "bool __cdecl ImGui::InputTextWithHint(char const *,char const *,char *,unsigned int,int,int (__cdecl*)(struct ImGuiInputTextCallbackData *),void *)" (?InputTextWithHint@ImGui@@YA_NPBD0PADIHP6AHPAUImGuiInputTextCallbackData@@@ZPAX@Z) already defined in Media.lib(imgui_widgets.obj); second definition ignored
ImGui.lib(imgui_widgets.obj) : warning LNK4006: "bool __cdecl ImGui::InputFloat(char const *,float *,float,float,char const *,int)" (?InputFloat@ImGui@@YA_NPBDPAMMM0H@Z) already defined in Media.lib(imgui_widgets.obj); second definition ignored
ImGui.lib(imgui_widgets.obj) : warning LNK4006: "bool __cdecl ImGui::InputFloat2(char const *,float * const,char const *,int)" (?InputFloat2@ImGui@@YA_NPBDQAM0H@Z) already defined in Media.lib(imgui_widgets.obj); second definition ignored
ImGui.lib(imgui_widgets.obj) : warning LNK4006: "bool __cdecl ImGui::InputFloat3(char const *,float * const,char const *,int)" (?InputFloat3@ImGui@@YA_NPBDQAM0H@Z) already defined in Media.lib(imgui_widgets.obj); second definition ignored
ImGui.lib(imgui_widgets.obj) : warning LNK4006: "bool __cdecl ImGui::InputFloat4(char const *,float * const,char const *,int)" (?InputFloat4@ImGui@@YA_NPBDQAM0H@Z) already defined in Media.lib(imgui_widgets.obj); second definition ignored
ImGui.lib(imgui_widgets.obj) : warning LNK4006: "bool __cdecl ImGui::InputInt(char const *,int *,int,int,int)" (?InputInt@ImGui@@YA_NPBDPAHHHH@Z) already defined in Media.lib(imgui_widgets.obj); second definition ignored
ImGui.lib(imgui_widgets.obj) : warning LNK4006: "bool __cdecl ImGui::InputInt2(char const *,int * const,int)" (?InputInt2@ImGui@@YA_NPBDQAHH@Z) already defined in Media.lib(imgui_widgets.obj); second definition ignored
ImGui.lib(imgui_widgets.obj) : warning LNK4006: "bool __cdecl ImGui::InputInt3(char const *,int * const,int)" (?InputInt3@ImGui@@YA_NPBDQAHH@Z) already defined in Media.lib(imgui_widgets.obj); second definition ignored
ImGui.lib(imgui_widgets.obj) : warning LNK4006: "bool __cdecl ImGui::InputInt4(char const *,int * const,int)" (?InputInt4@ImGui@@YA_NPBDQAHH@Z) already defined in Media.lib(imgui_widgets.obj); second definition ignored
ImGui.lib(imgui_widgets.obj) : warning LNK4006: "bool __cdecl ImGui::InputDouble(char const *,double *,double,double,char const *,int)" (?InputDouble@ImGui@@YA_NPBDPANNN0H@Z) already defined in Media.lib(imgui_widgets.obj); second definition ignored
ImGui.lib(imgui_widgets.obj) : warning LNK4006: "bool __cdecl ImGui::InputScalar(char const *,int,void *,void const *,void const *,char const *,int)" (?InputScalar@ImGui@@YA_NPBDHPAXPBX20H@Z) already defined in Media.lib(imgui_widgets.obj); second definition ignored
ImGui.lib(imgui_widgets.obj) : warning LNK4006: "bool __cdecl ImGui::InputScalarN(char const *,int,void *,int,void const *,void const *,char const *,int)" (?InputScalarN@ImGui@@YA_NPBDHPAXHPBX20H@Z) already defined in Media.lib(imgui_widgets.obj); second definition ignored
ImGui.lib(imgui_widgets.obj) : warning LNK4006: "bool __cdecl ImGui::ColorEdit3(char const *,float * const,int)" (?ColorEdit3@ImGui@@YA_NPBDQAMH@Z) already defined in Media.lib(imgui_widgets.obj); second definition ignored
ImGui.lib(imgui_widgets.obj) : warning LNK4006: "bool __cdecl ImGui::ColorEdit4(char const *,float * const,int)" (?ColorEdit4@ImGui@@YA_NPBDQAMH@Z) already defined in Media.lib(imgui_widgets.obj); second definition ignored
ImGui.lib(imgui_widgets.obj) : warning LNK4006: "bool __cdecl ImGui::ColorPicker3(char const *,float * const,int)" (?ColorPicker3@ImGui@@YA_NPBDQAMH@Z) already defined in Media.lib(imgui_widgets.obj); second definition ignored
ImGui.lib(imgui_widgets.obj) : warning LNK4006: "bool __cdecl ImGui::ColorPicker4(char const *,float * const,int,float const *)" (?ColorPicker4@ImGui@@YA_NPBDQAMHPBM@Z) already defined in Media.lib(imgui_widgets.obj); second definition ignored
ImGui.lib(imgui_widgets.obj) : warning LNK4006: "bool __cdecl ImGui::ColorButton(char const *,struct ImVec4 const &,int,struct ImVec2 const &)" (?ColorButton@ImGui@@YA_NPBDABUImVec4@@HABUImVec2@@@Z) already defined in Media.lib(imgui_widgets.obj); second definition ignored
ImGui.lib(imgui_widgets.obj) : warning LNK4006: "void __cdecl ImGui::SetColorEditOptions(int)" (?SetColorEditOptions@ImGui@@YAXH@Z) already defined in Media.lib(imgui_widgets.obj); second definition ignored
ImGui.lib(imgui_widgets.obj) : warning LNK4006: "bool __cdecl ImGui::TreeNode(char const *)" (?TreeNode@ImGui@@YA_NPBD@Z) already defined in Media.lib(imgui_widgets.obj); second definition ignored
ImGui.lib(imgui_widgets.obj) : warning LNK4006: "bool __cdecl ImGui::TreeNode(char const *,char const *,...)" (?TreeNode@ImGui@@YA_NPBD0ZZ) already defined in Media.lib(imgui_widgets.obj); second definition ignored
ImGui.lib(imgui_widgets.obj) : warning LNK4006: "bool __cdecl ImGui::TreeNode(void const *,char const *,...)" (?TreeNode@ImGui@@YA_NPBXPBDZZ) already defined in Media.lib(imgui_widgets.obj); second definition ignored
ImGui.lib(imgui_widgets.obj) : warning LNK4006: "bool __cdecl ImGui::TreeNodeV(char const *,char const *,char *)" (?TreeNodeV@ImGui@@YA_NPBD0PAD@Z) already defined in Media.lib(imgui_widgets.obj); second definition ignored
ImGui.lib(imgui_widgets.obj) : warning LNK4006: "bool __cdecl ImGui::TreeNodeV(void const *,char const *,char *)" (?TreeNodeV@ImGui@@YA_NPBXPBDPAD@Z) already defined in Media.lib(imgui_widgets.obj); second definition ignored
ImGui.lib(imgui_widgets.obj) : warning LNK4006: "bool __cdecl ImGui::TreeNodeEx(char const *,int)" (?TreeNodeEx@ImGui@@YA_NPBDH@Z) already defined in Media.lib(imgui_widgets.obj); second definition ignored
ImGui.lib(imgui_widgets.obj) : warning LNK4006: "bool __cdecl ImGui::TreeNodeEx(char const *,int,char const *,...)" (?TreeNodeEx@ImGui@@YA_NPBDH0ZZ) already defined in Media.lib(imgui_widgets.obj); second definition ignored
ImGui.lib(imgui_widgets.obj) : warning LNK4006: "bool __cdecl ImGui::TreeNodeEx(void const *,int,char const *,...)" (?TreeNodeEx@ImGui@@YA_NPBXHPBDZZ) already defined in Media.lib(imgui_widgets.obj); second definition ignored
ImGui.lib(imgui_widgets.obj) : warning LNK4006: "bool __cdecl ImGui::TreeNodeExV(char const *,int,char const *,char *)" (?TreeNodeExV@ImGui@@YA_NPBDH0PAD@Z) already defined in Media.lib(imgui_widgets.obj); second definition ignored
ImGui.lib(imgui_widgets.obj) : warning LNK4006: "bool __cdecl ImGui::TreeNodeExV(void const *,int,char const *,char *)" (?TreeNodeExV@ImGui@@YA_NPBXHPBDPAD@Z) already defined in Media.lib(imgui_widgets.obj); second definition ignored
ImGui.lib(imgui_widgets.obj) : warning LNK4006: "void __cdecl ImGui::TreePush(char const *)" (?TreePush@ImGui@@YAXPBD@Z) already defined in Media.lib(imgui_widgets.obj); second definition ignored
ImGui.lib(imgui_widgets.obj) : warning LNK4006: "void __cdecl ImGui::TreePush(void const *)" (?TreePush@ImGui@@YAXPBX@Z) already defined in Media.lib(imgui_widgets.obj); second definition ignored
ImGui.lib(imgui_widgets.obj) : warning LNK4006: "void __cdecl ImGui::TreePop(void)" (?TreePop@ImGui@@YAXXZ) already defined in Media.lib(imgui_widgets.obj); second definition ignored
ImGui.lib(imgui_widgets.obj) : warning LNK4006: "float __cdecl ImGui::GetTreeNodeToLabelSpacing(void)" (?GetTreeNodeToLabelSpacing@ImGui@@YAMXZ) already defined in Media.lib(imgui_widgets.obj); second definition ignored
ImGui.lib(imgui_widgets.obj) : warning LNK4006: "bool __cdecl ImGui::CollapsingHeader(char const *,int)" (?CollapsingHeader@ImGui@@YA_NPBDH@Z) already defined in Media.lib(imgui_widgets.obj); second definition ignored
ImGui.lib(imgui_widgets.obj) : warning LNK4006: "bool __cdecl ImGui::CollapsingHeader(char const *,bool *,int)" (?CollapsingHeader@ImGui@@YA_NPBDPA_NH@Z) already defined in Media.lib(imgui_widgets.obj); second definition ignored
ImGui.lib(imgui_widgets.obj) : warning LNK4006: "void __cdecl ImGui::SetNextItemOpen(bool,int)" (?SetNextItemOpen@ImGui@@YAX_NH@Z) already defined in Media.lib(imgui_widgets.obj); second definition ignored
ImGui.lib(imgui_widgets.obj) : warning LNK4006: "void __cdecl ImGui::SetNextItemStorageID(unsigned int)" (?SetNextItemStorageID@ImGui@@YAXI@Z) already defined in Media.lib(imgui_widgets.obj); second definition ignored
ImGui.lib(imgui_widgets.obj) : warning LNK4006: "bool __cdecl ImGui::TreeNodeGetOpen(unsigned int)" (?TreeNodeGetOpen@ImGui@@YA_NI@Z) already defined in Media.lib(imgui_widgets.obj); second definition ignored
ImGui.lib(imgui_widgets.obj) : warning LNK4006: "bool __cdecl ImGui::Selectable(char const *,bool,int,struct ImVec2 const &)" (?Selectable@ImGui@@YA_NPBD_NHABUImVec2@@@Z) already defined in Media.lib(imgui_widgets.obj); second definition ignored
ImGui.lib(imgui_widgets.obj) : warning LNK4006: "bool __cdecl ImGui::Selectable(char const *,bool *,int,struct ImVec2 const &)" (?Selectable@ImGui@@YA_NPBDPA_NHABUImVec2@@@Z) already defined in Media.lib(imgui_widgets.obj); second definition ignored
ImGui.lib(imgui_widgets.obj) : warning LNK4006: "struct ImGuiMultiSelectIO * __cdecl ImGui::BeginMultiSelect(int,int,int)" (?BeginMultiSelect@ImGui@@YAPAUImGuiMultiSelectIO@@HHH@Z) already defined in Media.lib(imgui_widgets.obj); second definition ignored
ImGui.lib(imgui_widgets.obj) : warning LNK4006: "struct ImGuiMultiSelectIO * __cdecl ImGui::EndMultiSelect(void)" (?EndMultiSelect@ImGui@@YAPAUImGuiMultiSelectIO@@XZ) already defined in Media.lib(imgui_widgets.obj); second definition ignored
ImGui.lib(imgui_widgets.obj) : warning LNK4006: "void __cdecl ImGui::SetNextItemSelectionUserData(__int64)" (?SetNextItemSelectionUserData@ImGui@@YAX_J@Z) already defined in Media.lib(imgui_widgets.obj); second definition ignored
ImGui.lib(imgui_widgets.obj) : warning LNK4006: "bool __cdecl ImGui::BeginListBox(char const *,struct ImVec2 const &)" (?BeginListBox@ImGui@@YA_NPBDABUImVec2@@@Z) already defined in Media.lib(imgui_widgets.obj); second definition ignored
ImGui.lib(imgui_widgets.obj) : warning LNK4006: "void __cdecl ImGui::EndListBox(void)" (?EndListBox@ImGui@@YAXXZ) already defined in Media.lib(imgui_widgets.obj); second definition ignored
ImGui.lib(imgui_widgets.obj) : warning LNK4006: "bool __cdecl ImGui::ListBox(char const *,int *,char const * const * const,int,int)" (?ListBox@ImGui@@YA_NPBDPAHQBQBDHH@Z) already defined in Media.lib(imgui_widgets.obj); second definition ignored
ImGui.lib(imgui_widgets.obj) : warning LNK4006: "bool __cdecl ImGui::ListBox(char const *,int *,char const * (__cdecl*)(void *,int),void *,int,int)" (?ListBox@ImGui@@YA_NPBDPAHP6APBDPAXH@Z2HH@Z) already defined in Media.lib(imgui_widgets.obj); second definition ignored
ImGui.lib(imgui_widgets.obj) : warning LNK4006: "void __cdecl ImGui::PlotLines(char const *,float const *,int,int,char const *,float,float,struct ImVec2,int)" (?PlotLines@ImGui@@YAXPBDPBMHH0MMUImVec2@@H@Z) already defined in Media.lib(imgui_widgets.obj); second definition ignored
ImGui.lib(imgui_widgets.obj) : warning LNK4006: "void __cdecl ImGui::PlotLines(char const *,float (__cdecl*)(void *,int),void *,int,int,char const *,float,float,struct ImVec2)" (?PlotLines@ImGui@@YAXPBDP6AMPAXH@Z1HH0MMUImVec2@@@Z) already defined in Media.lib(imgui_widgets.obj); second definition ignored
ImGui.lib(imgui_widgets.obj) : warning LNK4006: "void __cdecl ImGui::PlotHistogram(char const *,float const *,int,int,char const *,float,float,struct ImVec2,int)" (?PlotHistogram@ImGui@@YAXPBDPBMHH0MMUImVec2@@H@Z) already defined in Media.lib(imgui_widgets.obj); second definition ignored
ImGui.lib(imgui_widgets.obj) : warning LNK4006: "void __cdecl ImGui::PlotHistogram(char const *,float (__cdecl*)(void *,int),void *,int,int,char const *,float,float,struct ImVec2)" (?PlotHistogram@ImGui@@YAXPBDP6AMPAXH@Z1HH0MMUImVec2@@@Z) already defined in Media.lib(imgui_widgets.obj); second definition ignored
ImGui.lib(imgui_widgets.obj) : warning LNK4006: "void __cdecl ImGui::Value(char const *,bool)" (?Value@ImGui@@YAXPBD_N@Z) already defined in Media.lib(imgui_widgets.obj); second definition ignored
ImGui.lib(imgui_widgets.obj) : warning LNK4006: "void __cdecl ImGui::Value(char const *,int)" (?Value@ImGui@@YAXPBDH@Z) already defined in Media.lib(imgui_widgets.obj); second definition ignored
ImGui.lib(imgui_widgets.obj) : warning LNK4006: "void __cdecl ImGui::Value(char const *,unsigned int)" (?Value@ImGui@@YAXPBDI@Z) already defined in Media.lib(imgui_widgets.obj); second definition ignored
ImGui.lib(imgui_widgets.obj) : warning LNK4006: "void __cdecl ImGui::Value(char const *,float,char const *)" (?Value@ImGui@@YAXPBDM0@Z) already defined in Media.lib(imgui_widgets.obj); second definition ignored
ImGui.lib(imgui_widgets.obj) : warning LNK4006: "bool __cdecl ImGui::BeginMenuBar(void)" (?BeginMenuBar@ImGui@@YA_NXZ) already defined in Media.lib(imgui_widgets.obj); second definition ignored
ImGui.lib(imgui_widgets.obj) : warning LNK4006: "void __cdecl ImGui::EndMenuBar(void)" (?EndMenuBar@ImGui@@YAXXZ) already defined in Media.lib(imgui_widgets.obj); second definition ignored
ImGui.lib(imgui_widgets.obj) : warning LNK4006: "bool __cdecl ImGui::BeginMainMenuBar(void)" (?BeginMainMenuBar@ImGui@@YA_NXZ) already defined in Media.lib(imgui_widgets.obj); second definition ignored
ImGui.lib(imgui_widgets.obj) : warning LNK4006: "void __cdecl ImGui::EndMainMenuBar(void)" (?EndMainMenuBar@ImGui@@YAXXZ) already defined in Media.lib(imgui_widgets.obj); second definition ignored
ImGui.lib(imgui_widgets.obj) : warning LNK4006: "bool __cdecl ImGui::BeginMenu(char const *,bool)" (?BeginMenu@ImGui@@YA_NPBD_N@Z) already defined in Media.lib(imgui_widgets.obj); second definition ignored
ImGui.lib(imgui_widgets.obj) : warning LNK4006: "void __cdecl ImGui::EndMenu(void)" (?EndMenu@ImGui@@YAXXZ) already defined in Media.lib(imgui_widgets.obj); second definition ignored
ImGui.lib(imgui_widgets.obj) : warning LNK4006: "bool __cdecl ImGui::MenuItem(char const *,char const *,bool,bool)" (?MenuItem@ImGui@@YA_NPBD0_N1@Z) already defined in Media.lib(imgui_widgets.obj); second definition ignored
ImGui.lib(imgui_widgets.obj) : warning LNK4006: "bool __cdecl ImGui::MenuItem(char const *,char const *,bool *,bool)" (?MenuItem@ImGui@@YA_NPBD0PA_N_N@Z) already defined in Media.lib(imgui_widgets.obj); second definition ignored
ImGui.lib(imgui_widgets.obj) : warning LNK4006: "bool __cdecl ImGui::BeginTabBar(char const *,int)" (?BeginTabBar@ImGui@@YA_NPBDH@Z) already defined in Media.lib(imgui_widgets.obj); second definition ignored
ImGui.lib(imgui_widgets.obj) : warning LNK4006: "void __cdecl ImGui::EndTabBar(void)" (?EndTabBar@ImGui@@YAXXZ) already defined in Media.lib(imgui_widgets.obj); second definition ignored
ImGui.lib(imgui_widgets.obj) : warning LNK4006: "bool __cdecl ImGui::BeginTabItem(char const *,bool *,int)" (?BeginTabItem@ImGui@@YA_NPBDPA_NH@Z) already defined in Media.lib(imgui_widgets.obj); second definition ignored
ImGui.lib(imgui_widgets.obj) : warning LNK4006: "void __cdecl ImGui::EndTabItem(void)" (?EndTabItem@ImGui@@YAXXZ) already defined in Media.lib(imgui_widgets.obj); second definition ignored
ImGui.lib(imgui_widgets.obj) : warning LNK4006: "bool __cdecl ImGui::TabItemButton(char const *,int)" (?TabItemButton@ImGui@@YA_NPBDH@Z) already defined in Media.lib(imgui_widgets.obj); second definition ignored
ImGui.lib(imgui_widgets.obj) : warning LNK4006: "void __cdecl ImGui::SetTabItemClosed(char const *)" (?SetTabItemClosed@ImGui@@YAXPBD@Z) already defined in Media.lib(imgui_widgets.obj); second definition ignored
ImGui.lib(imgui_widgets.obj) : warning LNK4006: "public: __thiscall ImGuiInputTextCallbackData::ImGuiInputTextCallbackData(void)" (??0ImGuiInputTextCallbackData@@QAE@XZ) already defined in Media.lib(imgui_widgets.obj); second definition ignored
ImGui.lib(imgui_widgets.obj) : warning LNK4006: "public: void __thiscall ImGuiInputTextCallbackData::DeleteChars(int,int)" (?DeleteChars@ImGuiInputTextCallbackData@@QAEXHH@Z) already defined in Media.lib(imgui_widgets.obj); second definition ignored
ImGui.lib(imgui_widgets.obj) : warning LNK4006: "public: void __thiscall ImGuiInputTextCallbackData::InsertChars(int,char const *,char const *)" (?InsertChars@ImGuiInputTextCallbackData@@QAEXHPBD0@Z) already defined in Media.lib(imgui_widgets.obj); second definition ignored
ImGui.lib(imgui_widgets.obj) : warning LNK4006: "public: __thiscall ImGuiSelectionBasicStorage::ImGuiSelectionBasicStorage(void)" (??0ImGuiSelectionBasicStorage@@QAE@XZ) already defined in Media.lib(imgui_widgets.obj); second definition ignored
ImGui.lib(imgui_widgets.obj) : warning LNK4006: "public: void __thiscall ImGuiSelectionBasicStorage::ApplyRequests(struct ImGuiMultiSelectIO *)" (?ApplyRequests@ImGuiSelectionBasicStorage@@QAEXPAUImGuiMultiSelectIO@@@Z) already defined in Media.lib(imgui_widgets.obj); second definition ignored
ImGui.lib(imgui_widgets.obj) : warning LNK4006: "public: bool __thiscall ImGuiSelectionBasicStorage::Contains(unsigned int)const " (?Contains@ImGuiSelectionBasicStorage@@QBE_NI@Z) already defined in Media.lib(imgui_widgets.obj); second definition ignored
ImGui.lib(imgui_widgets.obj) : warning LNK4006: "public: void __thiscall ImGuiSelectionBasicStorage::Clear(void)" (?Clear@ImGuiSelectionBasicStorage@@QAEXXZ) already defined in Media.lib(imgui_widgets.obj); second definition ignored
ImGui.lib(imgui_widgets.obj) : warning LNK4006: "public: void __thiscall ImGuiSelectionBasicStorage::Swap(struct ImGuiSelectionBasicStorage &)" (?Swap@ImGuiSelectionBasicStorage@@QAEXAAU1@@Z) already defined in Media.lib(imgui_widgets.obj); second definition ignored
ImGui.lib(imgui_widgets.obj) : warning LNK4006: "public: void __thiscall ImGuiSelectionBasicStorage::SetItemSelected(unsigned int,bool)" (?SetItemSelected@ImGuiSelectionBasicStorage@@QAEXI_N@Z) already defined in Media.lib(imgui_widgets.obj); second definition ignored
ImGui.lib(imgui_widgets.obj) : warning LNK4006: "public: bool __thiscall ImGuiSelectionBasicStorage::GetNextSelectedItem(void * *,unsigned int *)" (?GetNextSelectedItem@ImGuiSelectionBasicStorage@@QAE_NPAPAXPAI@Z) already defined in Media.lib(imgui_widgets.obj); second definition ignored
ImGui.lib(imgui_widgets.obj) : warning LNK4006: "public: __thiscall ImGuiSelectionExternalStorage::ImGuiSelectionExternalStorage(void)" (??0ImGuiSelectionExternalStorage@@QAE@XZ) already defined in Media.lib(imgui_widgets.obj); second definition ignored
ImGui.lib(imgui_widgets.obj) : warning LNK4006: "public: void __thiscall ImGuiSelectionExternalStorage::ApplyRequests(struct ImGuiMultiSelectIO *)" (?ApplyRequests@ImGuiSelectionExternalStorage@@QAEXPAUImGuiMultiSelectIO@@@Z) already defined in Media.lib(imgui_widgets.obj); second definition ignored
ImGui.lib(imgui_widgets.obj) : warning LNK4006: "void __cdecl ImGui::Image(struct ImTextureRef,struct ImVec2 const &,struct ImVec2 const &,struct ImVec2 const &,struct ImVec4 const &,struct ImVec4 const &)" (?Image@ImGui@@YAXUImTextureRef@@ABUImVec2@@11ABUImVec4@@2@Z) already defined in Media.lib(imgui_widgets.obj); second definition ignored
ImGui.lib(imgui_widgets.obj) : warning LNK4006: "char const * __cdecl ImParseFormatFindStart(char const *)" (?ImParseFormatFindStart@@YAPBDPBD@Z) already defined in Media.lib(imgui_widgets.obj); second definition ignored
ImGui.lib(imgui_widgets.obj) : warning LNK4006: "char const * __cdecl ImParseFormatFindEnd(char const *)" (?ImParseFormatFindEnd@@YAPBDPBD@Z) already defined in Media.lib(imgui_widgets.obj); second definition ignored
ImGui.lib(imgui_widgets.obj) : warning LNK4006: "char const * __cdecl ImParseFormatTrimDecorations(char const *,char *,unsigned int)" (?ImParseFormatTrimDecorations@@YAPBDPBDPADI@Z) already defined in Media.lib(imgui_widgets.obj); second definition ignored
ImGui.lib(imgui_widgets.obj) : warning LNK4006: "void __cdecl ImParseFormatSanitizeForPrinting(char const *,char *,unsigned int)" (?ImParseFormatSanitizeForPrinting@@YAXPBDPADI@Z) already defined in Media.lib(imgui_widgets.obj); second definition ignored
ImGui.lib(imgui_widgets.obj) : warning LNK4006: "char const * __cdecl ImParseFormatSanitizeForScanning(char const *,char *,unsigned int)" (?ImParseFormatSanitizeForScanning@@YAPBDPBDPADI@Z) already defined in Media.lib(imgui_widgets.obj); second definition ignored
ImGui.lib(imgui_widgets.obj) : warning LNK4006: "int __cdecl ImParseFormatPrecision(char const *,int)" (?ImParseFormatPrecision@@YAHPBDH@Z) already defined in Media.lib(imgui_widgets.obj); second definition ignored
ImGui.lib(imgui_widgets.obj) : warning LNK4006: "public: void __thiscall ImGuiMenuColumns::Update(float,bool)" (?Update@ImGuiMenuColumns@@QAEXM_N@Z) already defined in Media.lib(imgui_widgets.obj); second definition ignored
ImGui.lib(imgui_widgets.obj) : warning LNK4006: "public: float __thiscall ImGuiMenuColumns::DeclColumns(float,float,float,float)" (?DeclColumns@ImGuiMenuColumns@@QAEMMMMM@Z) already defined in Media.lib(imgui_widgets.obj); second definition ignored
ImGui.lib(imgui_widgets.obj) : warning LNK4006: "public: void __thiscall ImGuiMenuColumns::CalcNextTotalWidth(bool)" (?CalcNextTotalWidth@ImGuiMenuColumns@@QAEX_N@Z) already defined in Media.lib(imgui_widgets.obj); second definition ignored
ImGui.lib(imgui_widgets.obj) : warning LNK4006: "public: __thiscall ImGuiInputTextState::ImGuiInputTextState(void)" (??0ImGuiInputTextState@@QAE@XZ) already defined in Media.lib(imgui_widgets.obj); second definition ignored
ImGui.lib(imgui_widgets.obj) : warning LNK4006: "public: __thiscall ImGuiInputTextState::~ImGuiInputTextState(void)" (??1ImGuiInputTextState@@QAE@XZ) already defined in Media.lib(imgui_widgets.obj); second definition ignored
ImGui.lib(imgui_widgets.obj) : warning LNK4006: "public: void __thiscall ImGuiInputTextState::OnKeyPressed(int)" (?OnKeyPressed@ImGuiInputTextState@@QAEXH@Z) already defined in Media.lib(imgui_widgets.obj); second definition ignored
ImGui.lib(imgui_widgets.obj) : warning LNK4006: "public: void __thiscall ImGuiInputTextState::OnCharPressed(unsigned int)" (?OnCharPressed@ImGuiInputTextState@@QAEXI@Z) already defined in Media.lib(imgui_widgets.obj); second definition ignored
ImGui.lib(imgui_widgets.obj) : warning LNK4006: "public: float __thiscall ImGuiInputTextState::GetPreferredOffsetX(void)const " (?GetPreferredOffsetX@ImGuiInputTextState@@QBEMXZ) already defined in Media.lib(imgui_widgets.obj); second definition ignored
ImGui.lib(imgui_widgets.obj) : warning LNK4006: "public: void __thiscall ImGuiInputTextState::CursorAnimReset(void)" (?CursorAnimReset@ImGuiInputTextState@@QAEXXZ) already defined in Media.lib(imgui_widgets.obj); second definition ignored
ImGui.lib(imgui_widgets.obj) : warning LNK4006: "public: void __thiscall ImGuiInputTextState::CursorClamp(void)" (?CursorClamp@ImGuiInputTextState@@QAEXXZ) already defined in Media.lib(imgui_widgets.obj); second definition ignored
ImGui.lib(imgui_widgets.obj) : warning LNK4006: "public: bool __thiscall ImGuiInputTextState::HasSelection(void)const " (?HasSelection@ImGuiInputTextState@@QBE_NXZ) already defined in Media.lib(imgui_widgets.obj); second definition ignored
ImGui.lib(imgui_widgets.obj) : warning LNK4006: "public: void __thiscall ImGuiInputTextState::ClearSelection(void)" (?ClearSelection@ImGuiInputTextState@@QAEXXZ) already defined in Media.lib(imgui_widgets.obj); second definition ignored
ImGui.lib(imgui_widgets.obj) : warning LNK4006: "public: int __thiscall ImGuiInputTextState::GetCursorPos(void)const " (?GetCursorPos@ImGuiInputTextState@@QBEHXZ) already defined in Media.lib(imgui_widgets.obj); second definition ignored
ImGui.lib(imgui_widgets.obj) : warning LNK4006: "public: int __thiscall ImGuiInputTextState::GetSelectionStart(void)const " (?GetSelectionStart@ImGuiInputTextState@@QBEHXZ) already defined in Media.lib(imgui_widgets.obj); second definition ignored
ImGui.lib(imgui_widgets.obj) : warning LNK4006: "public: int __thiscall ImGuiInputTextState::GetSelectionEnd(void)const " (?GetSelectionEnd@ImGuiInputTextState@@QBEHXZ) already defined in Media.lib(imgui_widgets.obj); second definition ignored
ImGui.lib(imgui_widgets.obj) : warning LNK4006: "public: void __thiscall ImGuiInputTextState::SetSelection(int,int)" (?SetSelection@ImGuiInputTextState@@QAEXHH@Z) already defined in Media.lib(imgui_widgets.obj); second definition ignored
ImGui.lib(imgui_widgets.obj) : warning LNK4006: "public: void __thiscall ImGuiInputTextState::SelectAll(void)" (?SelectAll@ImGuiInputTextState@@QAEXXZ) already defined in Media.lib(imgui_widgets.obj); second definition ignored
ImGui.lib(imgui_widgets.obj) : warning LNK4006: "public: void __thiscall ImGuiInputTextState::ReloadUserBufAndSelectAll(void)" (?ReloadUserBufAndSelectAll@ImGuiInputTextState@@QAEXXZ) already defined in Media.lib(imgui_widgets.obj); second definition ignored
ImGui.lib(imgui_widgets.obj) : warning LNK4006: "public: void __thiscall ImGuiInputTextState::ReloadUserBufAndKeepSelection(void)" (?ReloadUserBufAndKeepSelection@ImGuiInputTextState@@QAEXXZ) already defined in Media.lib(imgui_widgets.obj); second definition ignored
ImGui.lib(imgui_widgets.obj) : warning LNK4006: "public: void __thiscall ImGuiInputTextState::ReloadUserBufAndMoveToEnd(void)" (?ReloadUserBufAndMoveToEnd@ImGuiInputTextState@@QAEXXZ) already defined in Media.lib(imgui_widgets.obj); second definition ignored
ImGui.lib(imgui_widgets.obj) : warning LNK4006: "public: __thiscall ImGuiTabBar::ImGuiTabBar(void)" (??0ImGuiTabBar@@QAE@XZ) already defined in Media.lib(imgui_widgets.obj); second definition ignored
ImGui.lib(imgui_widgets.obj) : warning LNK4006: "void __cdecl ImGui::PushPasswordFont(void)" (?PushPasswordFont@ImGui@@YAXXZ) already defined in Media.lib(imgui_widgets.obj); second definition ignored
ImGui.lib(imgui_widgets.obj) : warning LNK4006: "void __cdecl ImGui::PopPasswordFont(void)" (?PopPasswordFont@ImGui@@YAXXZ) already defined in Media.lib(imgui_widgets.obj); second definition ignored
ImGui.lib(imgui_widgets.obj) : warning LNK4006: "void __cdecl ImGui::ShrinkWidths(struct ImGuiShrinkWidthItem *,int,float,float)" (?ShrinkWidths@ImGui@@YAXPAUImGuiShrinkWidthItem@@HMM@Z) already defined in Media.lib(imgui_widgets.obj); second definition ignored
ImGui.lib(imgui_widgets.obj) : warning LNK4006: "bool __cdecl ImGui::BeginViewportSideBar(char const *,struct ImGuiViewport *,enum ImGuiDir,float,int)" (?BeginViewportSideBar@ImGui@@YA_NPBDPAUImGuiViewport@@W4ImGuiDir@@MH@Z) already defined in Media.lib(imgui_widgets.obj); second definition ignored
ImGui.lib(imgui_widgets.obj) : warning LNK4006: "bool __cdecl ImGui::BeginMenuEx(char const *,char const *,bool)" (?BeginMenuEx@ImGui@@YA_NPBD0_N@Z) already defined in Media.lib(imgui_widgets.obj); second definition ignored
ImGui.lib(imgui_widgets.obj) : warning LNK4006: "bool __cdecl ImGui::MenuItemEx(char const *,char const *,char const *,bool,bool)" (?MenuItemEx@ImGui@@YA_NPBD00_N1@Z) already defined in Media.lib(imgui_widgets.obj); second definition ignored
ImGui.lib(imgui_widgets.obj) : warning LNK4006: "bool __cdecl ImGui::BeginComboPopup(unsigned int,struct ImRect const &,int)" (?BeginComboPopup@ImGui@@YA_NIABUImRect@@H@Z) already defined in Media.lib(imgui_widgets.obj); second definition ignored
ImGui.lib(imgui_widgets.obj) : warning LNK4006: "bool __cdecl ImGui::BeginComboPreview(void)" (?BeginComboPreview@ImGui@@YA_NXZ) already defined in Media.lib(imgui_widgets.obj); second definition ignored
ImGui.lib(imgui_widgets.obj) : warning LNK4006: "void __cdecl ImGui::EndComboPreview(void)" (?EndComboPreview@ImGui@@YAXXZ) already defined in Media.lib(imgui_widgets.obj); second definition ignored
ImGui.lib(imgui_widgets.obj) : warning LNK4006: "struct ImGuiTypingSelectRequest * __cdecl ImGui::GetTypingSelectRequest(int)" (?GetTypingSelectRequest@ImGui@@YAPAUImGuiTypingSelectRequest@@H@Z) already defined in Media.lib(imgui_widgets.obj); second definition ignored
ImGui.lib(imgui_widgets.obj) : warning LNK4006: "int __cdecl ImGui::TypingSelectFindMatch(struct ImGuiTypingSelectRequest *,int,char const * (__cdecl*)(void *,int),void *,int)" (?TypingSelectFindMatch@ImGui@@YAHPAUImGuiTypingSelectRequest@@HP6APBDPAXH@Z1H@Z) already defined in Media.lib(imgui_widgets.obj); second definition ignored
ImGui.lib(imgui_widgets.obj) : warning LNK4006: "int __cdecl ImGui::TypingSelectFindNextSingleCharMatch(struct ImGuiTypingSelectRequest *,int,char const * (__cdecl*)(void *,int),void *,int)" (?TypingSelectFindNextSingleCharMatch@ImGui@@YAHPAUImGuiTypingSelectRequest@@HP6APBDPAXH@Z1H@Z) already defined in Media.lib(imgui_widgets.obj); second definition ignored
ImGui.lib(imgui_widgets.obj) : warning LNK4006: "int __cdecl ImGui::TypingSelectFindBestLeadingMatch(struct ImGuiTypingSelectRequest *,int,char const * (__cdecl*)(void *,int),void *)" (?TypingSelectFindBestLeadingMatch@ImGui@@YAHPAUImGuiTypingSelectRequest@@HP6APBDPAXH@Z1@Z) already defined in Media.lib(imgui_widgets.obj); second definition ignored
ImGui.lib(imgui_widgets.obj) : warning LNK4006: "bool __cdecl ImGui::BeginBoxSelect(struct ImRect const &,struct ImGuiWindow *,unsigned int,int)" (?BeginBoxSelect@ImGui@@YA_NABUImRect@@PAUImGuiWindow@@IH@Z) already defined in Media.lib(imgui_widgets.obj); second definition ignored
ImGui.lib(imgui_widgets.obj) : warning LNK4006: "void __cdecl ImGui::EndBoxSelect(struct ImRect const &,int)" (?EndBoxSelect@ImGui@@YAXABUImRect@@H@Z) already defined in Media.lib(imgui_widgets.obj); second definition ignored
ImGui.lib(imgui_widgets.obj) : warning LNK4006: "void __cdecl ImGui::MultiSelectItemHeader(unsigned int,bool *,int *)" (?MultiSelectItemHeader@ImGui@@YAXIPA_NPAH@Z) already defined in Media.lib(imgui_widgets.obj); second definition ignored
ImGui.lib(imgui_widgets.obj) : warning LNK4006: "void __cdecl ImGui::MultiSelectItemFooter(unsigned int,bool *,bool *)" (?MultiSelectItemFooter@ImGui@@YAXIPA_N0@Z) already defined in Media.lib(imgui_widgets.obj); second definition ignored
ImGui.lib(imgui_widgets.obj) : warning LNK4006: "void __cdecl ImGui::MultiSelectAddSetAll(struct ImGuiMultiSelectTempData *,bool)" (?MultiSelectAddSetAll@ImGui@@YAXPAUImGuiMultiSelectTempData@@_N@Z) already defined in Media.lib(imgui_widgets.obj); second definition ignored
ImGui.lib(imgui_widgets.obj) : warning LNK4006: "void __cdecl ImGui::MultiSelectAddSetRange(struct ImGuiMultiSelectTempData *,bool,int,__int64,__int64)" (?MultiSelectAddSetRange@ImGui@@YAXPAUImGuiMultiSelectTempData@@_NH_J2@Z) already defined in Media.lib(imgui_widgets.obj); second definition ignored
ImGui.lib(imgui_widgets.obj) : warning LNK4006: "struct ImGuiTabBar * __cdecl ImGui::TabBarFindByID(unsigned int)" (?TabBarFindByID@ImGui@@YAPAUImGuiTabBar@@I@Z) already defined in Media.lib(imgui_widgets.obj); second definition ignored
ImGui.lib(imgui_widgets.obj) : warning LNK4006: "void __cdecl ImGui::TabBarRemove(struct ImGuiTabBar *)" (?TabBarRemove@ImGui@@YAXPAUImGuiTabBar@@@Z) already defined in Media.lib(imgui_widgets.obj); second definition ignored
ImGui.lib(imgui_widgets.obj) : warning LNK4006: "bool __cdecl ImGui::BeginTabBarEx(struct ImGuiTabBar *,struct ImRect const &,int)" (?BeginTabBarEx@ImGui@@YA_NPAUImGuiTabBar@@ABUImRect@@H@Z) already defined in Media.lib(imgui_widgets.obj); second definition ignored
ImGui.lib(imgui_widgets.obj) : warning LNK4006: "struct ImGuiTabItem * __cdecl ImGui::TabBarFindTabByID(struct ImGuiTabBar *,unsigned int)" (?TabBarFindTabByID@ImGui@@YAPAUImGuiTabItem@@PAUImGuiTabBar@@I@Z) already defined in Media.lib(imgui_widgets.obj); second definition ignored
ImGui.lib(imgui_widgets.obj) : warning LNK4006: "struct ImGuiTabItem * __cdecl ImGui::TabBarFindTabByOrder(struct ImGuiTabBar *,int)" (?TabBarFindTabByOrder@ImGui@@YAPAUImGuiTabItem@@PAUImGuiTabBar@@H@Z) already defined in Media.lib(imgui_widgets.obj); second definition ignored
ImGui.lib(imgui_widgets.obj) : warning LNK4006: "struct ImGuiTabItem * __cdecl ImGui::TabBarFindMostRecentlySelectedTabForActiveWindow(struct ImGuiTabBar *)" (?TabBarFindMostRecentlySelectedTabForActiveWindow@ImGui@@YAPAUImGuiTabItem@@PAUImGuiTabBar@@@Z) already defined in Media.lib(imgui_widgets.obj); second definition ignored
ImGui.lib(imgui_widgets.obj) : warning LNK4006: "struct ImGuiTabItem * __cdecl ImGui::TabBarGetCurrentTab(struct ImGuiTabBar *)" (?TabBarGetCurrentTab@ImGui@@YAPAUImGuiTabItem@@PAUImGuiTabBar@@@Z) already defined in Media.lib(imgui_widgets.obj); second definition ignored
ImGui.lib(imgui_widgets.obj) : warning LNK4006: "char const * __cdecl ImGui::TabBarGetTabName(struct ImGuiTabBar *,struct ImGuiTabItem *)" (?TabBarGetTabName@ImGui@@YAPBDPAUImGuiTabBar@@PAUImGuiTabItem@@@Z) already defined in Media.lib(imgui_widgets.obj); second definition ignored
ImGui.lib(imgui_widgets.obj) : warning LNK4006: "void __cdecl ImGui::TabBarAddTab(struct ImGuiTabBar *,int,struct ImGuiWindow *)" (?TabBarAddTab@ImGui@@YAXPAUImGuiTabBar@@HPAUImGuiWindow@@@Z) already defined in Media.lib(imgui_widgets.obj); second definition ignored
ImGui.lib(imgui_widgets.obj) : warning LNK4006: "void __cdecl ImGui::TabBarRemoveTab(struct ImGuiTabBar *,unsigned int)" (?TabBarRemoveTab@ImGui@@YAXPAUImGuiTabBar@@I@Z) already defined in Media.lib(imgui_widgets.obj); second definition ignored
ImGui.lib(imgui_widgets.obj) : warning LNK4006: "void __cdecl ImGui::TabBarCloseTab(struct ImGuiTabBar *,struct ImGuiTabItem *)" (?TabBarCloseTab@ImGui@@YAXPAUImGuiTabBar@@PAUImGuiTabItem@@@Z) already defined in Media.lib(imgui_widgets.obj); second definition ignored
ImGui.lib(imgui_widgets.obj) : warning LNK4006: "void __cdecl ImGui::TabBarQueueFocus(struct ImGuiTabBar *,struct ImGuiTabItem *)" (?TabBarQueueFocus@ImGui@@YAXPAUImGuiTabBar@@PAUImGuiTabItem@@@Z) already defined in Media.lib(imgui_widgets.obj); second definition ignored
ImGui.lib(imgui_widgets.obj) : warning LNK4006: "void __cdecl ImGui::TabBarQueueFocus(struct ImGuiTabBar *,char const *)" (?TabBarQueueFocus@ImGui@@YAXPAUImGuiTabBar@@PBD@Z) already defined in Media.lib(imgui_widgets.obj); second definition ignored
ImGui.lib(imgui_widgets.obj) : warning LNK4006: "void __cdecl ImGui::TabBarQueueReorder(struct ImGuiTabBar *,struct ImGuiTabItem *,int)" (?TabBarQueueReorder@ImGui@@YAXPAUImGuiTabBar@@PAUImGuiTabItem@@H@Z) already defined in Media.lib(imgui_widgets.obj); second definition ignored
ImGui.lib(imgui_widgets.obj) : warning LNK4006: "void __cdecl ImGui::TabBarQueueReorderFromMousePos(struct ImGuiTabBar *,struct ImGuiTabItem *,struct ImVec2)" (?TabBarQueueReorderFromMousePos@ImGui@@YAXPAUImGuiTabBar@@PAUImGuiTabItem@@UImVec2@@@Z) already defined in Media.lib(imgui_widgets.obj); second definition ignored
ImGui.lib(imgui_widgets.obj) : warning LNK4006: "bool __cdecl ImGui::TabBarProcessReorder(struct ImGuiTabBar *)" (?TabBarProcessReorder@ImGui@@YA_NPAUImGuiTabBar@@@Z) already defined in Media.lib(imgui_widgets.obj); second definition ignored
ImGui.lib(imgui_widgets.obj) : warning LNK4006: "bool __cdecl ImGui::TabItemEx(struct ImGuiTabBar *,char const *,bool *,int,struct ImGuiWindow *)" (?TabItemEx@ImGui@@YA_NPAUImGuiTabBar@@PBDPA_NHPAUImGuiWindow@@@Z) already defined in Media.lib(imgui_widgets.obj); second definition ignored
ImGui.lib(imgui_widgets.obj) : warning LNK4006: "void __cdecl ImGui::TabItemSpacing(char const *,int,float)" (?TabItemSpacing@ImGui@@YAXPBDHM@Z) already defined in Media.lib(imgui_widgets.obj); second definition ignored
ImGui.lib(imgui_widgets.obj) : warning LNK4006: "struct ImVec2 __cdecl ImGui::TabItemCalcSize(char const *,bool)" (?TabItemCalcSize@ImGui@@YA?AUImVec2@@PBD_N@Z) already defined in Media.lib(imgui_widgets.obj); second definition ignored
ImGui.lib(imgui_widgets.obj) : warning LNK4006: "struct ImVec2 __cdecl ImGui::TabItemCalcSize(struct ImGuiWindow *)" (?TabItemCalcSize@ImGui@@YA?AUImVec2@@PAUImGuiWindow@@@Z) already defined in Media.lib(imgui_widgets.obj); second definition ignored
ImGui.lib(imgui_widgets.obj) : warning LNK4006: "void __cdecl ImGui::TabItemBackground(struct ImDrawList *,struct ImRect const &,int,unsigned int)" (?TabItemBackground@ImGui@@YAXPAUImDrawList@@ABUImRect@@HI@Z) already defined in Media.lib(imgui_widgets.obj); second definition ignored
ImGui.lib(imgui_widgets.obj) : warning LNK4006: "void __cdecl ImGui::TabItemLabelAndCloseButton(struct ImDrawList *,struct ImRect const &,int,struct ImVec2,char const *,unsigned int,unsigned int,bool,bool *,bool *)" (?TabItemLabelAndCloseButton@ImGui@@YAXPAUImDrawList@@ABUImRect@@HUImVec2@@PBDII_NPA_N5@Z) already defined in Media.lib(imgui_widgets.obj); second definition ignored
ImGui.lib(imgui_widgets.obj) : warning LNK4006: "void __cdecl ImGui::TextEx(char const *,char const *,int)" (?TextEx@ImGui@@YAXPBD0H@Z) already defined in Media.lib(imgui_widgets.obj); second definition ignored
ImGui.lib(imgui_widgets.obj) : warning LNK4006: "void __cdecl ImGui::TextAligned(float,float,char const *,...)" (?TextAligned@ImGui@@YAXMMPBDZZ) already defined in Media.lib(imgui_widgets.obj); second definition ignored
ImGui.lib(imgui_widgets.obj) : warning LNK4006: "void __cdecl ImGui::TextAlignedV(float,float,char const *,char *)" (?TextAlignedV@ImGui@@YAXMMPBDPAD@Z) already defined in Media.lib(imgui_widgets.obj); second definition ignored
ImGui.lib(imgui_widgets.obj) : warning LNK4006: "bool __cdecl ImGui::ButtonEx(char const *,struct ImVec2 const &,int)" (?ButtonEx@ImGui@@YA_NPBDABUImVec2@@H@Z) already defined in Media.lib(imgui_widgets.obj); second definition ignored
ImGui.lib(imgui_widgets.obj) : warning LNK4006: "bool __cdecl ImGui::ArrowButtonEx(char const *,enum ImGuiDir,struct ImVec2,int)" (?ArrowButtonEx@ImGui@@YA_NPBDW4ImGuiDir@@UImVec2@@H@Z) already defined in Media.lib(imgui_widgets.obj); second definition ignored
ImGui.lib(imgui_widgets.obj) : warning LNK4006: "bool __cdecl ImGui::ImageButtonEx(unsigned int,struct ImTextureRef,struct ImVec2 const &,struct ImVec2 const &,struct ImVec2 const &,struct ImVec4 const &,struct ImVec4 const &,int)" (?ImageButtonEx@ImGui@@YA_NIUImTextureRef@@ABUImVec2@@11ABUImVec4@@2H@Z) already defined in Media.lib(imgui_widgets.obj); second definition ignored
ImGui.lib(imgui_widgets.obj) : warning LNK4006: "void __cdecl ImGui::SeparatorEx(int,float)" (?SeparatorEx@ImGui@@YAXHM@Z) already defined in Media.lib(imgui_widgets.obj); second definition ignored
ImGui.lib(imgui_widgets.obj) : warning LNK4006: "void __cdecl ImGui::SeparatorTextEx(unsigned int,char const *,char const *,float)" (?SeparatorTextEx@ImGui@@YAXIPBD0M@Z) already defined in Media.lib(imgui_widgets.obj); second definition ignored
ImGui.lib(imgui_widgets.obj) : warning LNK4006: "bool __cdecl ImGui::CheckboxFlags(char const *,__int64 *,__int64)" (?CheckboxFlags@ImGui@@YA_NPBDPA_J_J@Z) already defined in Media.lib(imgui_widgets.obj); second definition ignored
ImGui.lib(imgui_widgets.obj) : warning LNK4006: "bool __cdecl ImGui::CheckboxFlags(char const *,unsigned __int64 *,unsigned __int64)" (?CheckboxFlags@ImGui@@YA_NPBDPA_K_K@Z) already defined in Media.lib(imgui_widgets.obj); second definition ignored
ImGui.lib(imgui_widgets.obj) : warning LNK4006: "bool __cdecl ImGui::CloseButton(unsigned int,struct ImVec2 const &)" (?CloseButton@ImGui@@YA_NIABUImVec2@@@Z) already defined in Media.lib(imgui_widgets.obj); second definition ignored
ImGui.lib(imgui_widgets.obj) : warning LNK4006: "bool __cdecl ImGui::CollapseButton(unsigned int,struct ImVec2 const &,struct ImGuiDockNode *)" (?CollapseButton@ImGui@@YA_NIABUImVec2@@PAUImGuiDockNode@@@Z) already defined in Media.lib(imgui_widgets.obj); second definition ignored
ImGui.lib(imgui_widgets.obj) : warning LNK4006: "void __cdecl ImGui::Scrollbar(enum ImGuiAxis)" (?Scrollbar@ImGui@@YAXW4ImGuiAxis@@@Z) already defined in Media.lib(imgui_widgets.obj); second definition ignored
ImGui.lib(imgui_widgets.obj) : warning LNK4006: "bool __cdecl ImGui::ScrollbarEx(struct ImRect const &,unsigned int,enum ImGuiAxis,__int64 *,__int64,__int64,int)" (?ScrollbarEx@ImGui@@YA_NABUImRect@@IW4ImGuiAxis@@PA_J_J3H@Z) already defined in Media.lib(imgui_widgets.obj); second definition ignored
ImGui.lib(imgui_widgets.obj) : warning LNK4006: "struct ImRect __cdecl ImGui::GetWindowScrollbarRect(struct ImGuiWindow *,enum ImGuiAxis)" (?GetWindowScrollbarRect@ImGui@@YA?AUImRect@@PAUImGuiWindow@@W4ImGuiAxis@@@Z) already defined in Media.lib(imgui_widgets.obj); second definition ignored
ImGui.lib(imgui_widgets.obj) : warning LNK4006: "unsigned int __cdecl ImGui::GetWindowScrollbarID(struct ImGuiWindow *,enum ImGuiAxis)" (?GetWindowScrollbarID@ImGui@@YAIPAUImGuiWindow@@W4ImGuiAxis@@@Z) already defined in Media.lib(imgui_widgets.obj); second definition ignored
ImGui.lib(imgui_widgets.obj) : warning LNK4006: "bool __cdecl ImGui::ButtonBehavior(struct ImRect const &,unsigned int,bool *,bool *,int)" (?ButtonBehavior@ImGui@@YA_NABUImRect@@IPA_N1H@Z) already defined in Media.lib(imgui_widgets.obj); second definition ignored
ImGui.lib(imgui_widgets.obj) : warning LNK4006: "bool __cdecl ImGui::DragBehavior(unsigned int,int,void *,float,void const *,void const *,char const *,int)" (?DragBehavior@ImGui@@YA_NIHPAXMPBX1PBDH@Z) already defined in Media.lib(imgui_widgets.obj); second definition ignored
ImGui.lib(imgui_widgets.obj) : warning LNK4006: "bool __cdecl ImGui::SliderBehavior(struct ImRect const &,unsigned int,int,void *,void const *,void const *,char const *,int,struct ImRect *)" (?SliderBehavior@ImGui@@YA_NABUImRect@@IHPAXPBX2PBDHPAU2@@Z) already defined in Media.lib(imgui_widgets.obj); second definition ignored
ImGui.lib(imgui_widgets.obj) : warning LNK4006: "bool __cdecl ImGui::SplitterBehavior(struct ImRect const &,unsigned int,enum ImGuiAxis,float *,float *,float,float,float,float,unsigned int)" (?SplitterBehavior@ImGui@@YA_NABUImRect@@IW4ImGuiAxis@@PAM2MMMMI@Z) already defined in Media.lib(imgui_widgets.obj); second definition ignored
ImGui.lib(imgui_widgets.obj) : warning LNK4006: "bool __cdecl ImGui::TreeNodeBehavior(unsigned int,int,char const *,char const *)" (?TreeNodeBehavior@ImGui@@YA_NIHPBD0@Z) already defined in Media.lib(imgui_widgets.obj); second definition ignored
ImGui.lib(imgui_widgets.obj) : warning LNK4006: "void __cdecl ImGui::TreeNodeDrawLineToChildNode(struct ImVec2 const &)" (?TreeNodeDrawLineToChildNode@ImGui@@YAXABUImVec2@@@Z) already defined in Media.lib(imgui_widgets.obj); second definition ignored
ImGui.lib(imgui_widgets.obj) : warning LNK4006: "void __cdecl ImGui::TreeNodeDrawLineToTreePop(struct ImGuiTreeNodeStackData const *)" (?TreeNodeDrawLineToTreePop@ImGui@@YAXPBUImGuiTreeNodeStackData@@@Z) already defined in Media.lib(imgui_widgets.obj); second definition ignored
ImGui.lib(imgui_widgets.obj) : warning LNK4006: "void __cdecl ImGui::TreePushOverrideID(unsigned int)" (?TreePushOverrideID@ImGui@@YAXI@Z) already defined in Media.lib(imgui_widgets.obj); second definition ignored
ImGui.lib(imgui_widgets.obj) : warning LNK4006: "void __cdecl ImGui::TreeNodeSetOpen(unsigned int,bool)" (?TreeNodeSetOpen@ImGui@@YAXI_N@Z) already defined in Media.lib(imgui_widgets.obj); second definition ignored
ImGui.lib(imgui_widgets.obj) : warning LNK4006: "bool __cdecl ImGui::TreeNodeUpdateNextOpen(unsigned int,int)" (?TreeNodeUpdateNextOpen@ImGui@@YA_NIH@Z) already defined in Media.lib(imgui_widgets.obj); second definition ignored
ImGui.lib(imgui_widgets.obj) : warning LNK4006: "struct ImGuiDataTypeInfo const * __cdecl ImGui::DataTypeGetInfo(int)" (?DataTypeGetInfo@ImGui@@YAPBUImGuiDataTypeInfo@@H@Z) already defined in Media.lib(imgui_widgets.obj); second definition ignored
ImGui.lib(imgui_widgets.obj) : warning LNK4006: "int __cdecl ImGui::DataTypeFormatString(char *,int,int,void const *,char const *)" (?DataTypeFormatString@ImGui@@YAHPADHHPBXPBD@Z) already defined in Media.lib(imgui_widgets.obj); second definition ignored
ImGui.lib(imgui_widgets.obj) : warning LNK4006: "void __cdecl ImGui::DataTypeApplyOp(int,int,void *,void const *,void const *)" (?DataTypeApplyOp@ImGui@@YAXHHPAXPBX1@Z) already defined in Media.lib(imgui_widgets.obj); second definition ignored
ImGui.lib(imgui_widgets.obj) : warning LNK4006: "bool __cdecl ImGui::DataTypeApplyFromText(char const *,int,void *,char const *,void *)" (?DataTypeApplyFromText@ImGui@@YA_NPBDHPAX01@Z) already defined in Media.lib(imgui_widgets.obj); second definition ignored
ImGui.lib(imgui_widgets.obj) : warning LNK4006: "int __cdecl ImGui::DataTypeCompare(int,void const *,void const *)" (?DataTypeCompare@ImGui@@YAHHPBX0@Z) already defined in Media.lib(imgui_widgets.obj); second definition ignored
ImGui.lib(imgui_widgets.obj) : warning LNK4006: "bool __cdecl ImGui::DataTypeClamp(int,void *,void const *,void const *)" (?DataTypeClamp@ImGui@@YA_NHPAXPBX1@Z) already defined in Media.lib(imgui_widgets.obj); second definition ignored
ImGui.lib(imgui_widgets.obj) : warning LNK4006: "bool __cdecl ImGui::DataTypeIsZero(int,void const *)" (?DataTypeIsZero@ImGui@@YA_NHPBX@Z) already defined in Media.lib(imgui_widgets.obj); second definition ignored
ImGui.lib(imgui_widgets.obj) : warning LNK4006: "bool __cdecl ImGui::InputTextEx(char const *,char const *,char *,int,struct ImVec2 const &,int,int (__cdecl*)(struct ImGuiInputTextCallbackData *),void *)" (?InputTextEx@ImGui@@YA_NPBD0PADHABUImVec2@@HP6AHPAUImGuiInputTextCallbackData@@@ZPAX@Z) already defined in Media.lib(imgui_widgets.obj); second definition ignored
ImGui.lib(imgui_widgets.obj) : warning LNK4006: "void __cdecl ImGui::InputTextDeactivateHook(unsigned int)" (?InputTextDeactivateHook@ImGui@@YAXI@Z) already defined in Media.lib(imgui_widgets.obj); second definition ignored
ImGui.lib(imgui_widgets.obj) : warning LNK4006: "bool __cdecl ImGui::TempInputText(struct ImRect const &,unsigned int,char const *,char *,int,int)" (?TempInputText@ImGui@@YA_NABUImRect@@IPBDPADHH@Z) already defined in Media.lib(imgui_widgets.obj); second definition ignored
ImGui.lib(imgui_widgets.obj) : warning LNK4006: "bool __cdecl ImGui::TempInputScalar(struct ImRect const &,unsigned int,char const *,int,void *,char const *,void const *,void const *)" (?TempInputScalar@ImGui@@YA_NABUImRect@@IPBDHPAX1PBX3@Z) already defined in Media.lib(imgui_widgets.obj); second definition ignored
ImGui.lib(imgui_widgets.obj) : warning LNK4006: "void __cdecl ImGui::SetNextItemRefVal(int,void *)" (?SetNextItemRefVal@ImGui@@YAXHPAX@Z) already defined in Media.lib(imgui_widgets.obj); second definition ignored
ImGui.lib(imgui_widgets.obj) : warning LNK4006: "void __cdecl ImGui::ColorTooltip(char const *,float const *,int)" (?ColorTooltip@ImGui@@YAXPBDPBMH@Z) already defined in Media.lib(imgui_widgets.obj); second definition ignored
ImGui.lib(imgui_widgets.obj) : warning LNK4006: "void __cdecl ImGui::ColorEditOptionsPopup(float const *,int)" (?ColorEditOptionsPopup@ImGui@@YAXPBMH@Z) already defined in Media.lib(imgui_widgets.obj); second definition ignored
ImGui.lib(imgui_widgets.obj) : warning LNK4006: "void __cdecl ImGui::ColorPickerOptionsPopup(float const *,int)" (?ColorPickerOptionsPopup@ImGui@@YAXPBMH@Z) already defined in Media.lib(imgui_widgets.obj); second definition ignored
ImGui.lib(imgui_widgets.obj) : warning LNK4006: "int __cdecl ImGui::PlotEx(enum ImGuiPlotType,char const *,float (__cdecl*)(void *,int),void *,int,int,char const *,float,float,struct ImVec2 const &)" (?PlotEx@ImGui@@YAHW4ImGuiPlotType@@PBDP6AMPAXH@Z2HH1MMABUImVec2@@@Z) already defined in Media.lib(imgui_widgets.obj); second definition ignored
ImGui.lib(imgui_widgets.obj) : warning LNK4006: "void __cdecl ImGui::DebugNodeInputTextState(struct ImGuiInputTextState *)" (?DebugNodeInputTextState@ImGui@@YAXPAUImGuiInputTextState@@@Z) already defined in Media.lib(imgui_widgets.obj); second definition ignored
ImGui.lib(imgui_widgets.obj) : warning LNK4006: "void __cdecl ImGui::DebugNodeTypingSelectState(struct ImGuiTypingSelectState *)" (?DebugNodeTypingSelectState@ImGui@@YAXPAUImGuiTypingSelectState@@@Z) already defined in Media.lib(imgui_widgets.obj); second definition ignored
ImGui.lib(imgui_widgets.obj) : warning LNK4006: "void __cdecl ImGui::DebugNodeMultiSelectState(struct ImGuiMultiSelectState *)" (?DebugNodeMultiSelectState@ImGui@@YAXPAUImGuiMultiSelectState@@@Z) already defined in Media.lib(imgui_widgets.obj); second definition ignored
ImGui.lib(OpenGLBackendHelper.obj) : warning LNK4006: "bool __cdecl ImGui_ImplOpenGL3_Init(char const *)" (?ImGui_ImplOpenGL3_Init@@YA_NPBD@Z) already defined in Media.lib(OpenGLBackendHelper.obj); second definition ignored
ImGui.lib(OpenGLBackendHelper.obj) : warning LNK4006: "void __cdecl ImGui_ImplOpenGL3_Shutdown(void)" (?ImGui_ImplOpenGL3_Shutdown@@YAXXZ) already defined in Media.lib(OpenGLBackendHelper.obj); second definition ignored
ImGui.lib(OpenGLBackendHelper.obj) : warning LNK4006: "void __cdecl ImGui_ImplOpenGL3_NewFrame(void)" (?ImGui_ImplOpenGL3_NewFrame@@YAXXZ) already defined in Media.lib(OpenGLBackendHelper.obj); second definition ignored
ImGui.lib(OpenGLBackendHelper.obj) : warning LNK4006: "void __cdecl ImGui_ImplOpenGL3_RenderDrawData(struct ImDrawData *)" (?ImGui_ImplOpenGL3_RenderDrawData@@YAXPAUImDrawData@@@Z) already defined in Media.lib(OpenGLBackendHelper.obj); second definition ignored
ImGui.lib(OpenGLBackendHelper.obj) : warning LNK4006: "bool __cdecl ImGui_ImplOpenGL3_CreateDeviceObjects(void)" (?ImGui_ImplOpenGL3_CreateDeviceObjects@@YA_NXZ) already defined in Media.lib(OpenGLBackendHelper.obj); second definition ignored
ImGui.lib(OpenGLBackendHelper.obj) : warning LNK4006: "void __cdecl ImGui_ImplOpenGL3_DestroyDeviceObjects(void)" (?ImGui_ImplOpenGL3_DestroyDeviceObjects@@YAXXZ) already defined in Media.lib(OpenGLBackendHelper.obj); second definition ignored
ImGui.lib(OpenGLBackendHelper.obj) : warning LNK4006: "void __cdecl ImGui_ImplOpenGL3_UpdateTexture(struct ImTextureData *)" (?ImGui_ImplOpenGL3_UpdateTexture@@YAXPAUImTextureData@@@Z) already defined in Media.lib(OpenGLBackendHelper.obj); second definition ignored
ImGui.lib(OpenGLBackendHelper.obj) : warning LNK4006: "bool __cdecl ImGui_ImplOpenGL3_InitLoader(void)" (?ImGui_ImplOpenGL3_InitLoader@@YA_NXZ) already defined in Media.lib(OpenGLBackendHelper.obj); second definition ignored
  AppCore.vcxproj -> C:\Users\User\Desktop\Projects\MultiStation\AppCore\Library\Debug\Win32\AppCore.lib
